"301",,"351",
"470",,"361709",
"529",,"240265",
"544",,"240236",
"793",,"457320",
"851",,"457331",
"853",,"234074",
"869",,"233763",
"873",,"233457",
"926",,"233892",
"1047",,"233913",
"1084",,"233252",
"1109",,"457280",
"1141",,"457277",
"1178",,"233305",
"1181",,"550789",
"1266",,"457283",
"1302",,"1301",
"1311",,"457285",
"1350",,"457288",
"1386",,"1489",
"1428",,"233810",
"1464",,"1463",
"1491",,"457313",
"1521",,"233573",
"1592",,"457323",
"1654",,"457394",
"1662",,"457393",
"1674",,"234178",
"1694",,"457387",
"1792",,"1791",
"1810",,"457367",
"1921",,"252055",
"1942",,"457346",
"2066",,"234035",
"2090",,"233997",
"2168",,"232874",
"2443",,"2446",
"3833",,"127191",
"4454",,"771007",
"4702",,"57870",
"4704",,"57897",
"5636",,"435565",
"6106",,"235339",
"6810",,"7990",
"7045",,"379651",
"7103",,"554415",
"7273",,"371313",
"7560",,"7559",
"7634",,"241805",
"7641",,"223332",
"7643",,"223334",
"7649",,"241540",
"7673",,"242075",
"7679",,"242294",
"7689",,"223155",
"7701",,"240437",
"7707",,"244084",
"7709",,"222433",
"7713",,"244639",
"7717",,"223431",
"7725",,"222032",
"7732",,"223128",
"7744",,"243023",
"7751",,"340019",
"7756",,"242297",
"7759",,"223532",
"7767",,"242287",
"7771",,"222339",
"7775",,"223074",
"7777",,"238984",
"7784",,"148247",
"7786",,"224116",
"7797",,"242607",
"7799",,"222154",
"7801",,"222157",
"7803",,"244665",
"7811",,"223063",
"7823",,"243206",
"7825",,"223154",
"7829",,"223336",
"7831",,"222076",
"7834",,"242041",
"7836",,"51541",
"7840",,"234913",
"7844",,"244246",
"7849",,"223592",
"7853",,"222112",
"7855",,"240480",
"7864",,"244683",
"7872",,"222926",
"7891",,"223817",
"7892",,"223817",
"7900",,"241060",
"7904",,"221994",
"7908",,"222053",
"7910",,"238987",
"7915",,"235429",
"7917",,"239264",
"7924",,"222671",
"7926",,"223962",
"7932",,"244675",
"7951",,"240534",
"7953",,"252471",
"7954",,"240538",
"7986",,"235069",
"8008",,"244705",
"8016",,"223538",
"8024",,"241471",
"8026",,"241486",
"8028",,"238994",
"8039",,"133718",
"8051",,"243379",
"8052",,"243408",
"8055",,"243410",
"8056",,"243388",
"8059",,"243414",
"8063",,"243397",
"8065",,"243389",
"8078",,"244700",
"8085",,"239002",
"8104",,"243252",
"8110",,"243207",
"8116",,"242659",
"8141",,"238002",
"8148",,"51833",
"8160",,"222953",
"8166",,"222666",
"8169",,"222319",
"8170",,"222322",
"8177",,"223359",
"8185",,"243312",
"8211",,"223354",
"8231",,"223352",
"8297",,"235139",
"8303",,"241882",
"8311",,"241897",
"8387",,"8402",
"8580",,"222906",
"8581",,"222907",
"8629",,"222932",
"8634",,"222931",
"8687",,"716248",
"8709",,"222829",
"8741",,"222699",
"8743",,"251093",
"8758",,"222724",
"8797",,"222359",
"8947",,"403745",
"8958",,"234888",
"9035",,"239260",
"9037",,"235191",
"9162",,"222611",
"9176",,"236116",
"9240",,"222443",
"9265",,"222482",
"9269",,"222483",
"9273",,"222489",
"9413",,"222308",
"9430",,"9429",
"9459",,"223651",
"9465",,"223422",
"9550",,"223438",
"9660",,"244115",
"9816",,"243082",
"9817",,"243093",
"9818",,"243113",
"9820",,"243072",
"9834",,"348287",
"9840",,"252973",
"9844",,"243105",
"9866",,"243166",
"9879",,"243146",
"9919",,"242975",
"9977",,"243282",
"9993",,"243353",
"9996",,"243225",
"10009",,"244046",
"10012",,"243548",
"10013",,"253047",
"10016",,"243507",
"10019",,"243447",
"10021",,"253037",
"10022",,"243513",
"10024",,"243518",
"10026",,"243525",
"10029",,"243523",
"10031",,"243552",
"10033",,"253045",
"10034",,"243530",
"10038",,"243537",
"10041",,"243521",
"10052",,"244434",
"10057",,"244443",
"10059",,"244448",
"10066",,"244457",
"10067",,"253206",
"10072",,"244485",
"10204",,"243816",
"10235",,"244277",
"10249",,"244357",
"10255",,"244320",
"10261",,"253181",
"10331",,"242872",
"10347",,"251555",
"10350",,"223841",
"10462",,"223642",
"10464",,"223559",
"10526",,"10782",
"10669",,"10668",
"10674",,"10670",
"11027",,"716251",
"11094",,"11093",
"11255",,"240524",
"11277",,"222103",
"11279",,"222104",
"11305",,"222097",
"11309",,"250776",
"11325",,"222095",
"11328",,"222083",
"11334",,"222087",
"11335",,"222092",
"11341",,"222186",
"11355",,"222161",
"11386",,"222171",
"11409",,"416846",
"11431",,"240486",
"11463",,"240390",
"11506",,"240347",
"11512",,"240357",
"11518",,"240432",
"11581",,"222290",
"11615",,"234844",
"11627",,"224095",
"11633",,"224082",
"11685",,"222258",
"11702",,"222221",
"11703",,"222211",
"11720",,"235160",
"11721",,"235155",
"11750",,"223094",
"11762",,"223084",
"11784",,"223078",
"11788",,"223080",
"11792",,"223083",
"11794",,"223082",
"11838",,"223246",
"11848",,"396535",
"11908",,"221926",
"11925",,"221890",
"11942",,"221957",
"11945",,"221948",
"11978",,"244609",
"12012",,"244673",
"12026",,"244637",
"12037",,"244633",
"12088",,"235249",
"12090",,"235255",
"12095",,"235389",
"12098",,"235390",
"12186",,"340106",
"12352",,"12351",
"12488",,"223126",
"12534",,"241871",
"12535",,"241872",
"12569",,"241266",
"12574",,"241352",
"12592",,"241355",
"12602",,"241335",
"12615",,"241311",
"12627",,"241255",
"12639",,"241510",
"12712",,"241533",
"12716",,"241522",
"12740",,"241547",
"12789",,"241600",
"12793",,"241615",
"12798",,"241781",
"12813",,"241673",
"12829",,"241762",
"12835",,"241738",
"12837",,"241742",
"12846",,"241585",
"12862",,"241829",
"12875",,"241901",
"12885",,"241907",
"12892",,"241919",
"12896",,"241913",
"12918",,"242330",
"12920",,"242333",
"12923",,"242339",
"12955",,"242302",
"13010",,"409472",
"13019",,"409482",
"13045",,"13047",
"13070",,"409399",
"13076",,"409550",
"13086",,"409561",
"13115",,"409576",
"13118",,"409579",
"13119",,"409585",
"13285",,"13280",
"13603",,"13600",
"13740",,"240302",
"14032",,"14034",
"14058",,"14057",
"14319",,"14318",
"15355",,"242743",
"15363",,"15362",
"15381",,"15380",
"15388",,"15387",
"15412",,"15396",
"15669",,"15668",
"15812",,"242392",
"15997",,"15996",
"16224",,"16223",
"16226",,"16225",
"16231",,"16230",
"16261",,"242472",
"16273",,"242461",
"16280",,"242462",
"16351",,"16350",
"16404",,"242502",
"16416",,"16415",
"16434",,"16433",
"16448",,"242501",
"16449",,"16459",
"17030",,"407817",
"17152",,"17403",
"17348",,"407923",
"17365",,"242054",
"17552",,"17553",
"17664",,"250294",
"17716",,"593705",
"17818",,"17817",
"17850",,"240840",
"17917",,"579874",
"17918",,"579875",
"17921",,"579876",
"17923",,"579878",
"17925",,"579881",
"18225",,"580544",
"18424",,"552389",
"18470",,"545332",
"18473",,"548829",
"18553",,"545883",
"18566",,"545726",
"18593",,"359956",
"18762",,"240958",
"18763",,"240958",
"18807",,"240980",
"18880",,"216517",
"18882",,"224641",
"18917",,"216538",
"18947",,"216581",
"18951",,"216566",
"18959",,"216563",
"18960",,"216564",
"19161",,"400240",
"19248",,"227263",
"19382",,"227228",
"19604",,"227196",
"19637",,"227192",
"19694",,"227188",
"19773",,"227100",
"19863",,"224647",
"19864",,"224648",
"19952",,"226316",
"20010",,"245134",
"20272",,"237230",
"20488",,"224878",
"20489",,"224923",
"20491",,"224939",
"20493",,"224912",
"20496",,"224870",
"20509",,"224874",
"20529",,"224885",
"20556",,"224928",
"20577",,"224902",
"20584",,"224907",
"20682",,"245053",
"20709",,"244773",
"20868",,"245003",
"20969",,"244825",
"21059",,"244817",
"21092",,"244733",
"21117",,"245112",
"21141",,"244880",
"21247",,"244792",
"21339",,"224639",
"21369",,"235468",
"21410",,"235451",
"21461",,"250140",
"21874",,"225920",
"21892",,"226203",
"21954",,"226015",
"22067",,"226605",
"22162",,"217337",
"22312",,"217654",
"22359",,"217684",
"22448",,"217706",
"22503",,"216514",
"22520",,"216551",
"22531",,"52359",
"22532",,"216507",
"22547",,"216533",
"22568",,"216491",
"22712",,"283775",
"22926",,"225220",
"22995",,"399011",
"23415",,"225393",
"23703",,"23696",
"24449",,"217414",
"24514",,"217619",
"24518",,"217622",
"24901",,"227430",
"25380",,"224445",
"25384",,"224472",
"25412",,"224302",
"25449",,"224320",
"25451",,"224321",
"25469",,"224374",
"25487",,"224377",
"25533",,"224208",
"25572",,"224251",
"25596",,"224262",
"25603",,"224266",
"25606",,"224275",
"26213",,"225659",
"26219",,"225665",
"26731",,"217076",
"27013",,"26991",
"27639",,"226390",
"27640",,"226404",
"27641",,"226406",
"27647",,"226393",
"27648",,"226388",
"28314",,"226664",
"28489",,"220872",
"28494",,"220857",
"28527",,"221591",
"28537",,"240675",
"28918",,"215845",
"28963",,"405279",
"29096",,"235505",
"29115",,"405290",
"30839",,"509547",
"32083",,"461802",
"32127",,"59221",
"32775",,"509895",
"33072",,"33591",
"33139",,"34188",
"33186",,"519989",
"33359",,"470280",
"33375",,"33377",
"33403",,"519976",
"34200",,"513269",
"34310",,"509489",
"35042",,"469453",
"35074",,"521007",
"36620",,"36633",
"36657",,"36652",
"37011",,"464670",
"37339",,"462419",
"37401",,"465210",
"37854",,"520997",
"37894",,"37896",
"38382",,"38386",
"39546",,"39545",
"40544",,"40543",
"40733",,"40738",
"40777",,"470300",
"40994",,"59224",
"41082",,"463678",
"41501",,"41504",
"42045",,"42524",
"42269",,"380799",
"42525",,"42044",
"43530",,"517234",
"44383",,"463506",
"44543",,"438140",
"44546",,"463447",
"44668",,"517172",
"44708",,"44711",
"44967",,"43969",
"45096",,"45097",
"45271",,"59601",
"45298",,"55436",
"45583",,"55446",
"45616",,"50047",
"45726",,"57642",
"45727",,"57636",
"45785",,"57973",
"45892",,"55915",
"45938",,"55554",
"46131",,"55526",
"46135",,"55528",
"46674",,"46670",
"47464",,"861021",
"47565",,"860835",
"47765",,"47761",
"48738",,"55543",
"48951",,"48056",
"49631",,"49628",
"51025",,"51028",
"51340",,"220628",
"51345",,"220734",
"51347",,"220753",
"51350",,"220794",
"51352",,"220795",
"51379",,"232441",
"51383",,"232443",
"51426",,"232445",
"51449",,"238326",
"51455",,"237930",
"51459",,"238320",
"51464",,"238304",
"51470",,"237966",
"51476",,"238276",
"51481",,"238385",
"51483",,"237926",
"51489",,"237315",
"51491",,"237714",
"51516",,"237289",
"51518",,"237290",
"51587",,"238372",
"51606",,"238390",
"51622",,"238445",
"51651",,"238387",
"51670",,"238315",
"51698",,"238229",
"51738",,"237406",
"51776",,"237338",
"51792",,"237860",
"51796",,"237757",
"51801",,"252291",
"51809",,"237830",
"51876",,"237302",
"51900",,"237287",
"51901",,"237278",
"52004",,"220407",
"52295",,"236073",
"52301",,"236116",
"52303",,"219589",
"52309",,"229441",
"52315",,"232209",
"52345",,"232205",
"52471",,"231940",
"52511",,"232004",
"52512",,"231996",
"52576",,"231901",
"52592",,"231890",
"52656",,"231751",
"52807",,"219396",
"52845",,"236587",
"52964",,"236214",
"52965",,"236218",
"53025",,"74339",
"53061",,"236262",
"53088",,"239523",
"53091",,"239540",
"53461",,"608382",
"53818",,"53817",
"53844",,"53845",
"54172",,"521494",
"54482",,"8267",
"54632",,"521546",
"55321",,"55320",
"55374",,"55366",
"55444",,"45384",
"55451",,"45591",
"55464",,"659495",
"55555",,"45939",
"55583",,"658819",
"55636",,"55678",
"55759",,"55758",
"55920",,"55921",
"56174",,"47055",
"56398",,"457224",
"56629",,"658795",
"56682",,"457225",
"57259",,"57264",
"57410",,"159424",
"57428",,"665256",
"57481",,"57487",
"57659",,"57658",
"57754",,"57760",
"57763",,"57762",
"57934",,"57924",
"58106",,"58102",
"58132",,"58168",
"58246",,"58209",
"58657",,"542929",
"58925",,"58924",
"59497",,"59494",
"59605",,"659837",
"59682",,"59666",
"59717",,"59730",
"59992",,"59161",
"60736",,"60729",
"62053",,"579252",
"62387",,"545952",
"62695",,"538667",
"62711",,"538665",
"62741",,"682470",
"63435",,"569141",
"63690",,"570042",
"64086",,"412533",
"64125",,"412515",
"64395",,"545763",
"64544",,"580601",
"64681",,"543961",
"64689",,"576797",
"64883",,"227787",
"64891",,"234440",
"64893",,"234463",
"64968",,"680764",
"65606",,"220053",
"65643",,"65642",
"65958",,"593313",
"69140",,"557846",
"69854",,"69860",
"70582",,"556545",
"70634",,"542412",
"71419",,"71422",
"71540",,"387796",
"71677",,"548385",
"71777",,"543974",
"72504",,"568104",
"72517",,"547197",
"72535",,"547199",
"72779",,"50814",
"72824",,"553025",
"72897",,"571084",
"72899",,"576546",
"73189",,"521475",
"73209",,"553036",
"73226",,"568120",
"73304",,"545106",
"73549",,"683144",
"74107",,"74105",
"74340",,"627577",
"74343",,"627574",
"74425",,"670297",
"74674",,"682283",
"75482",,"687841",
"75553",,"681691",
"75557",,"697662",
"75560",,"75568",
"75605",,"682326",
"75607",,"688147",
"75609",,"688785",
"75619",,"75618",
"75642",,"697112",
"75653",,"529823",
"75739",,"697592",
"75809",,"688280",
"75823",,"810294",
"75880",,"698228",
"75887",,"75885",
"75949",,"678807",
"76119",,"689294",
"76184",,"697569",
"76212",,"688962",
"76233",,"698146",
"76289",,"76290",
"76373",,"521482",
"76405",,"658267",
"76430",,"698128",
"76464",,"726084",
"76558",,"681858",
"76563",,"658161",
"76604",,"548238",
"76822",,"698035",
"77260",,"552785",
"78225",,"296933",
"78250",,"78249",
"78405",,"220493",
"78408",,"220499",
"78449",,"250269",
"78459",,"250278",
"78587",,"581953",
"78641",,"220523",
"78652",,"220526",
"78774",,"232763",
"78777",,"297851",
"78779",,"232596",
"78782",,"232745",
"78787",,"232552",
"78789",,"232649",
"78793",,"232691",
"78795",,"232632",
"78800",,"232664",
"78805",,"232653",
"78809",,"232735",
"78811",,"232737",
"78813",,"232741",
"78814",,"232743",
"78816",,"232739",
"78822",,"232684",
"78827",,"232724",
"78828",,"232725",
"78837",,"232633",
"78839",,"232553",
"78842",,"232713",
"78846",,"232718",
"78852",,"232528",
"78854",,"232756",
"78878",,"232640",
"78879",,"232641",
"78892",,"232491",
"78894",,"232492",
"78896",,"232504",
"78897",,"232505",
"78901",,"232497",
"78903",,"232502",
"78908",,"232512",
"78909",,"232514",
"78914",,"232518",
"78921",,"232531",
"78928",,"232539",
"78931",,"232541",
"78933",,"232545",
"78935",,"232548",
"78941",,"232557",
"78952",,"232572",
"78954",,"232574",
"78956",,"232576",
"78959",,"232578",
"78962",,"232580",
"78972",,"232582",
"78977",,"232587",
"78980",,"232591",
"78986",,"232594",
"78992",,"232604",
"78993",,"232605",
"78995",,"232607",
"79001",,"232615",
"79002",,"232618",
"79004",,"232620",
"79005",,"232621",
"79007",,"232625",
"79008",,"232626",
"79017",,"232624",
"79019",,"232612",
"79023",,"232630",
"79025",,"232631",
"79032",,"232635",
"79048",,"232750",
"79057",,"232753",
"79063",,"232660",
"79064",,"297896",
"79080",,"232732",
"79084",,"232734",
"79093",,"232671",
"79098",,"232685",
"79102",,"232687",
"79105",,"232688",
"79107",,"232689",
"79111",,"232692",
"79113",,"232698",
"79114",,"232701",
"79126",,"232695",
"79127",,"232696",
"79132",,"232700",
"79133",,"232702",
"79148",,"232730",
"79152",,"232715",
"79154",,"232717",
"79172",,"232769",
"79177",,"232648",
"79194",,"232767",
"80004",,"772025",
"81590",,"447830",
"81922",,"521644",
"81957",,"81958",
"82635",,"608022",
"82784",,"446987",
"82934",,"162134",
"82944",,"521656",
"83182",,"455776",
"84344",,"84345",
"84541",,"84446",
"85128",,"82024",
"85133",,"82028",
"85937",,"446835",
"88565",,"88566",
"89863",,"89861",
"90204",,"447038",
"91274",,"521682",
"92650",,"92649",
"96608",,"96628",
"98441",,"98439",
"99647",,"615102",
"100082",,"100083",
"101264",,"101265",
"102097",,"926312",
"102718",,"719024",
"103295",,"103296",
"103692",,"521639",
"103918",,"103917",
"104306",,"771713",
"105617",,"105619",
"106255",,"106256",
"107866",,"162319",
"108274",,"108273",
"109484",,"447414",
"109576",,"452511",
"110364",,"110512",
"110683",,"110684",
"110799",,"110798",
"111314",,"111315",
"112638",,"639061",
"113716",,"621581",
"114056",,"772026",
"114457",,"521662",
"115473",,"115720",
"115521",,"717858",
"116061",,"521670",
"116179",,"116180",
"116472",,"447462",
"116744",,"521658",
"117504",,"772027",
"117577",,"117576",
"118324",,"118325",
"118768",,"118767",
"119988",,"119989",
"120218",,"120216",
"123196",,"614182",
"123253",,"160093",
"123349",,"160552",
"123870",,"160546",
"125105",,"672873",
"125329",,"448410",
"125334",,"448413",
"127394",,"614193",
"127982",,"521655",
"129624",,"161423",
"130577",,"614195",
"130874",,"611902",
"131649",,"131650",
"131878",,"612002",
"133067",,"133066",
"135016",,"135015",
"135628",,"135629",
"137795",,"619928",
"137899",,"154792",
"138309",,"616503",
"138557",,"138554",
"140407",,"718282",
"140717",,"140718",
"141082",,"141081",
"141294",,"611925",
"141653",,"141651",
"141734",,"141733",
"142355",,"621031",
"143647",,"143652",
"144383",,"446631",
"144385",,"613662",
"144959",,"144961",
"145329",,"718801",
"145901",,"133646",
"146039",,"613499",
"146159",,"133889",
"146296",,"146297",
"146319",,"613150",
"148027",,"448641",
"148792",,"148791",
"148964",,"148967",
"149013",,"616969",
"149625",,"613657",
"150340",,"139521",
"150509",,"620418",
"150740",,"140050",
"151016",,"151014",
"151135",,"151136",
"151537",,"616973",
"151702",,"151700",
"152679",,"152677",
"152766",,"152770",
"152792",,"152786",
"153685",,"613902",
"153874",,"117716",
"154142",,"617242",
"154155",,"161444",
"154441",,"148900",
"154548",,"617035",
"154613",,"613862",
"154632",,"613883",
"154845",,"136801",
"154862",,"133868",
"154976",,"154977",
"155092",,"616502",
"155103",,"155104",
"159484",,"110704",
"159493",,"618975",
"159509",,"80048",
"159519",,"80495",
"159540",,"131456",
"159543",,"83384",
"159545",,"83784",
"159550",,"84308",
"159557",,"85069",
"159573",,"87023",
"159575",,"614200",
"159584",,"88199",
"159585",,"88654",
"159593",,"89976",
"159600",,"154326",
"159614",,"93610",
"159618",,"93697",
"159620",,"94065",
"159627",,"161239",
"159631",,"133833",
"159634",,"94785",
"159638",,"94980",
"159646",,"96129",
"159649",,"619337",
"159651",,"96923",
"159658",,"97317",
"159661",,"97611",
"159662",,"97699",
"159668",,"98196",
"159669",,"98200",
"159677",,"155032",
"159691",,"100941",
"159705",,"102858",
"159725",,"106775",
"159730",,"107793",
"159733",,"108681",
"159748",,"110292",
"159768",,"112044",
"159774",,"611041",
"159776",,"112598",
"159781",,"113393",
"159788",,"114513",
"159804",,"116789",
"159805",,"116974",
"159813",,"118766",
"159818",,"119937",
"159821",,"120139",
"159825",,"121994",
"159834",,"123118",
"159835",,"154932",
"159839",,"123258",
"159845",,"123620",
"159857",,"124893",
"159874",,"127561",
"159879",,"128154",
"159885",,"155080",
"159915",,"84069",
"159945",,"762047",
"159982",,"98361",
"159999",,"146908",
"160000",,"98367",
"160130",,"79689",
"160187",,"152084",
"160194",,"617183",
"160498",,"145890",
"160830",,"96623",
"160866",,"446300",
"161069",,"151071",
"161070",,"161067",
"161245",,"149226",
"161547",,"103497",
"161639",,"151803",
"161852",,"521675",
"161901",,"521659",
"161985",,"110836",
"162060",,"521674",
"162156",,"614168",
"162171",,"608842",
"162203",,"130163",
"162227",,"130164",
"162459",,"162460",
"162491",,"105604",
"162641",,"161305",
"162648",,"621294",
"162653",,"621769",
"163466",,"61772",
"199198",,"135323",
"219761",,"54213",
"220877",,"669566",
"233187",,"1842",
"233207",,"457325",
"233218",,"457328",
"233300",,"457369",
"233301",,"457370",
"233343",,"457375",
"233345",,"457377",
"233637",,"457297",
"233677",,"457304",
"233719",,"457308",
"233737",,"457310",
"233813",,"458716",
"233917",,"457258",
"234007",,"457405",
"234062",,"457383",
"234124",,"457285",
"234174",,"457391",
"235707",,"405576",
"239522",,"407150",
"241220",,"538593",
"242833",,"10308",
"244768",,"20696",
"251999",,"457322",
"252049",,"457338",
"252063",,"457398",
"265904",,"54183",
"302588",,"457264",
"303996",,"457343",
"346642",,"78543",
"348288",,"13339",
"350641",,"538572",
"350775",,"350788",
"359642",,"781046",
"359644",,"70972",
"361630",,"361629",
"362179",,"362182",
"362473",,"362468",
"362635",,"669905",
"366232",,"568480",
"367282",,"215969",
"369123",,"826466",
"370367",,"545910",
"370632",,"370641",
"372308",,"526106",
"373788",,"373786",
"375335",,"582780",
"376067",,"372541",
"381289",,"644143",
"382780",,"576587",
"383996",,"550294",
"385071",,"240887",
"387842",,"552055",
"387935",,"387934",
"388032",,"71432",
"388939",,"216016",
"389942",,"218015",
"390632",,"218508",
"391736",,"219193",
"395376",,"222401",
"396447",,"12334",
"397016",,"794399",
"397022",,"10404",
"397033",,"397037",
"397048",,"397035",
"397151",,"280717",
"397709",,"397673",
"398660",,"398653",
"400881",,"400883",
"400952",,"227941",
"401761",,"401760",
"402129",,"232693",
"402429",,"457344",
"402659",,"402584",
"403366",,"306137",
"403390",,"234756",
"404053",,"403968",
"404239",,"404238",
"404258",,"404251",
"404269",,"404246",
"405201",,"405200",
"406460",,"406454",
"406646",,"236875",
"406657",,"236911",
"407136",,"239397",
"407819",,"407814",
"407916",,"17256",
"408005",,"407992",
"408103",,"408081",
"408247",,"408230",
"409402",,"13054",
"409675",,"242635",
"409803",,"13679",
"410402",,"408652",
"412479",,"362051",
"412539",,"64081",
"413296",,"809597",
"414353",,"414346",
"415079",,"415043",
"415804",,"701454",
"416790",,"240347",
"416793",,"11426",
"416841",,"416803",
"418981",,"461151",
"419057",,"461192",
"419061",,"461144",
"419132",,"461208",
"423136",,"461137",
"423232",,"461139",
"425163",,"461194",
"425469",,"461210",
"432571",,"215888",
"432652",,"669780",
"432912",,"532042",
"433082",,"531964",
"433582",,"711109",
"433676",,"433612",
"444222",,"654857",
"444223",,"654826",
"444225",,"654853",
"444338",,"444115",
"444366",,"444146",
"445395",,"455776",
"445429",,"629107",
"445473",,"100480",
"445674",,"629905",
"445832",,"621615",
"445873",,"149145",
"445966",,"91806",
"445969",,"160290",
"445977",,"630592",
"446340",,"124390",
"446543",,"117701",
"446606",,"619889",
"446614",,"93181",
"446635",,"87331",
"446652",,"107627",
"446700",,"630325",
"446728",,"121698",
"446766",,"132533",
"446787",,"121435",
"446974",,"104771",
"447123",,"90540",
"447158",,"611649",
"447335",,"79693",
"447342",,"79710",
"447425",,"106748",
"448280",,"79691",
"448402",,"629207",
"452457",,"131295",
"452482",,"83201",
"452485",,"113575",
"452575",,"455793",
"452603",,"96737",
"452626",,"151929",
"452629",,"128767",
"452639",,"130513",
"452678",,"710785",
"452692",,"447034",
"452759",,"92324",
"452789",,"632768",
"452794",,"91933",
"452803",,"123860",
"452810",,"93558",
"452820",,"108747",
"453007",,"447224",
"453121",,"636555",
"453179",,"108575",
"453196",,"108823",
"453296",,"109745",
"453309",,"104437",
"453383",,"97902",
"453389",,"635907",
"453417",,"82203",
"453418",,"82211",
"453500",,"700888",
"453571",,"145615",
"453576",,"145616",
"453578",,"619123",
"453776",,"637315",
"453801",,"634241",
"453854",,"87448",
"453975",,"121790",
"453999",,"92279",
"454096",,"84216",
"454106",,"87844",
"454115",,"93871",
"454125",,"98396",
"454131",,"100664",
"454153",,"112225",
"454158",,"112115",
"454159",,"133999",
"454190",,"161953",
"454417",,"701010",
"454560",,"710710",
"454913",,"137593",
"454951",,"102899",
"454973",,"447090",
"455071",,"112856",
"455121",,"145256",
"455141",,"116269",
"455202",,"126488",
"455381",,"104147",
"455471",,"160063",
"455565",,"453433",
"455634",,"119164",
"455637",,"97103",
"455829",,"81759",
"455838",,"86216",
"455889",,"125819",
"455904",,"708854",
"455910",,"448630",
"455911",,"448632",
"455997",,"610003",
"456000",,"160029",
"456028",,"90379",
"456056",,"459329",
"456256",,"457109",
"456276",,"457204",
"456512",,"433637",
"456515",,"433153",
"456545",,"432884",
"456565",,"433106",
"456566",,"433104",
"457203",,"457202",
"457226",,"154577",
"457261",,"1121",
"457265",,"302624",
"457266",,"233281",
"457268",,"302695",
"457270",,"233286",
"457290",,"233541",
"457293",,"233590",
"457305",,"1463",
"457311",,"233745",
"457317",,"1526",
"457319",,"233202",
"457335",,"233868",
"457336",,"1905",
"457350",,"233189",
"457354",,"233258",
"457355",,"233263",
"457361",,"233861",
"457374",,"302856",
"457379",,"233356",
"457381",,"302965",
"457396",,"1650",
"457411",,"234025",
"457606",,"542967",
"457753",,"690379",
"457812",,"457795",
"458121",,"713290",
"458480",,"713291",
"458705",,"233922",
"458713",,"233690",
"458777",,"446381",
"459593",,"453704",
"459655",,"456066",
"460321",,"368658",
"460454",,"369321",
"460475",,"362934",
"461153",,"423761",
"461158",,"423963",
"461173",,"424555",
"461176",,"419154",
"463455",,"515537",
"463544",,"463536",
"463957",,"463958",
"464133",,"519579",
"464153",,"518192",
"509566",,"508558",
"509894",,"32776",
"510622",,"469377",
"510695",,"461391",
"511969",,"464371",
"512711",,"36027",
"513774",,"43056",
"516037",,"509892",
"516857",,"516856",
"517668",,"517862",
"517859",,"464901",
"518016",,"464803",
"519185",,"514861",
"520307",,"464274",
"520341",,"464277",
"520343",,"464215",
"520349",,"464278",
"520411",,"517720",
"521454",,"5566",
"521487",,"8885",
"521492",,"54213",
"521495",,"54085",
"521498",,"521553",
"521632",,"611040",
"521640",,"123113",
"521642",,"109689",
"521645",,"161331",
"521648",,"105630",
"521649",,"84229",
"521651",,"116456",
"521653",,"99161",
"521654",,"106858",
"521660",,"80556",
"521661",,"96740",
"521664",,"96028",
"521665",,"121704",
"521667",,"114014",
"521672",,"161727",
"521673",,"127691",
"521679",,"106910",
"521680",,"101232",
"521701",,"521704",
"521702",,"521707",
"526291",,"549573",
"527493",,"591448",
"527678",,"591362",
"527783",,"590356",
"527824",,"590323",
"527828",,"590325",
"527859",,"590365",
"528018",,"536738",
"528354",,"589685",
"528745",,"577721",
"528821",,"2694",
"531318",,"551940",
"531320",,"552759",
"531321",,"552762",
"531323",,"552896",
"531357",,"542802",
"531394",,"550732",
"532062",,"444466",
"533182",,"439142",
"535747",,"614822",
"536435",,"543368",
"538986",,"538985",
"544899",,"461767",
"546413",,"28630",
"547167",,"75299",
"547275",,"681823",
"547277",,"681833",
"547325",,"531303",
"547841",,"361709",
"548320",,"76660",
"548777",,"575882",
"548779",,"575925",
"550380",,"366662",
"550754",,"71667",
"554421",,"382268",
"569586",,"373887",
"569589",,"373880",
"570651",,"18558",
"571384",,"571383",
"572297",,"572296",
"573818",,"2813",
"574149",,"574150",
"574538",,"820440",
"575797",,"527829",
"575838",,"537388",
"575848",,"536952",
"575856",,"548776",
"576775",,"576774",
"578342",,"545747",
"581944",,"220879",
"581945",,"375473",
"582842",,"74647",
"582896",,"383108",
"582934",,"582935",
"583258",,"578783",
"583496",,"544184",
"584807",,"584840",
"584843",,"584808",
"585172",,"585177",
"586684",,"124904",
"586686",,"134622",
"587266",,"589536",
"589206",,"589207",
"589469",,"703337",
"590267",,"670469",
"593025",,"726203",
"594501",,"350426",
"595478",,"458628",
"601202",,"783250",
"608352",,"53868",
"610753",,"671972",
"611606",,"621582",
"611910",,"719002",
"613161",,"142111",
"613382",,"147281",
"613506",,"154353",
"613562",,"149497",
"613705",,"144304",
"614142",,"80360",
"614154",,"90513",
"614187",,"124430",
"615204",,"122552",
"617102",,"139011",
"619195",,"93697",
"619742",,"103322",
"620572",,"120046",
"620657",,"151399",
"620856",,"620855",
"620973",,"127933",
"620983",,"128154",
"621303",,"455982",
"622817",,"162669",
"622920",,"678231",
"623562",,"623642",
"623622",,"532182",
"623623",,"532183",
"624551",,"456082",
"625982",,"546023",
"627755",,"76661",
"631387",,"447349",
"631592",,"455776",
"631776",,"453912",
"634445",,"445967",
"637216",,"452481",
"638006",,"638007",
"638012",,"634985",
"638028",,"630540",
"638090",,"716541",
"638480",,"656286",
"639507",,"639509",
"642228",,"521463",
"646076",,"646075",
"647512",,"647025",
"647622",,"647049",
"648434",,"646124",
"648796",,"73071",
"648839",,"680082",
"650519",,"646242",
"651390",,"74939",
"653691",,"74825",
"653819",,"75729",
"654963",,"76718",
"655072",,"670153",
"655207",,"670250",
"655512",,"686974",
"655890",,"335671",
"657520",,"713429",
"657880",,"670234",
"657884",,"669799",
"657900",,"670139",
"657999",,"654733",
"658072",,"75778",
"658225",,"76094",
"660916",,"55016",
"661204",,"54951",
"662612",,"55838",
"666740",,"666089",
"669244",,"653738",
"669324",,"44231",
"669351",,"73195",
"669584",,"442378",
"669761",,"73352",
"669833",,"76108",
"670119",,"73857",
"670124",,"76375",
"670125",,"655655",
"670135",,"74964",
"670137",,"653685",
"670151",,"653706",
"670165",,"648623",
"670170",,"651051",
"670200",,"76676",
"670201",,"72200",
"670205",,"76620",
"670264",,"658139",
"670615",,"653634",
"670775",,"706511",
"672070",,"445598",
"672291",,"532917",
"673941",,"706386",
"676524",,"650699",
"676623",,"74106",
"676921",,"74074",
"678652",,"678651",
"678860",,"75817",
"678861",,"75818",
"679173",,"653817",
"679206",,"75627",
"679399",,"76679",
"679409",,"75610",
"679417",,"76710",
"679453",,"73150",
"679881",,"679880",
"681595",,"656242",
"681669",,"658057",
"681710",,"76048",
"681711",,"76473",
"681720",,"76287",
"681754",,"658157",
"681883",,"75499",
"681892",,"681893",
"681944",,"75918",
"681951",,"76553",
"681991",,"75566",
"681992",,"75566",
"682298",,"74940",
"682301",,"74960",
"682303",,"74954",
"682336",,"75943",
"682384",,"75130",
"682494",,"74878",
"683158",,"73556",
"683489",,"17843",
"684299",,"650465",
"684300",,"650663",
"684547",,"650515",
"684550",,"650533",
"684847",,"360472",
"684848",,"360493",
"685358",,"710265",
"685676",,"627627",
"686114",,"76240",
"686116",,"74762",
"686889",,"76655",
"686891",,"653989",
"687134",,"73951",
"687137",,"653409",
"687141",,"73954",
"687219",,"74641",
"687339",,"75921",
"687680",,"73172",
"687746",,"687745",
"687747",,"73433",
"687751",,"653401",
"687813",,"655452",
"687840",,"657907",
"687911",,"73673",
"687913",,"73677",
"688011",,"73421",
"688019",,"73085",
"688021",,"74322",
"688103",,"74795",
"688104",,"74605",
"688281",,"75810",
"688428",,"653987",
"688480",,"688484",
"688525",,"72411",
"688544",,"73747",
"688587",,"74910",
"688705",,"76659",
"688763",,"73452",
"688772",,"73462",
"688870",,"655487",
"689281",,"73151",
"689797",,"76685",
"689809",,"689808",
"689810",,"689801",
"692064",,"74473",
"692924",,"650772",
"692996",,"692995",
"693107",,"693106",
"693228",,"74935",
"693231",,"73454",
"693237",,"74939",
"693569",,"650763",
"693699",,"74262",
"693734",,"648253",
"693748",,"73698",
"694019",,"651279",
"694096",,"648821",
"694371",,"74515",
"694749",,"694750",
"694897",,"74264",
"694898",,"74265",
"695167",,"695168",
"695790",,"130681",
"696454",,"655213",
"696537",,"650690",
"696581",,"605339",
"696915",,"648675",
"696953",,"652307",
"696958",,"360585",
"697012",,"73206",
"697077",,"653768",
"697115",,"75232",
"697124",,"74807",
"697126",,"73121",
"697129",,"74827",
"697158",,"74696",
"697163",,"74692",
"697332",,"73806",
"697333",,"74465",
"697337",,"73483",
"697366",,"75015",
"697377",,"74955",
"697488",,"73188",
"697496",,"657905",
"697565",,"75978",
"697571",,"521480",
"697587",,"75404",
"697652",,"75903",
"697661",,"75558",
"697667",,"75293",
"697751",,"76665",
"697824",,"73778",
"697845",,"653703",
"697970",,"73084",
"697973",,"73081",
"698078",,"75961",
"698098",,"75910",
"698159",,"73169",
"698173",,"658186",
"698204",,"76201",
"698311",,"698305",
"699908",,"415732",
"700063",,"454339",
"700169",,"452793",
"700754",,"453150",
"700933",,"112123",
"701366",,"128774",
"701567",,"415779",
"701949",,"642419",
"703342",,"698904",
"703401",,"73643",
"703603",,"698901",
"703630",,"703631",
"703632",,"698906",
"704008",,"698927",
"704209",,"648731",
"704210",,"692923",
"704228",,"651343",
"704233",,"704232",
"704276",,"715075",
"705039",,"705036",
"705044",,"705042",
"705112",,"73435",
"705113",,"73588",
"705752",,"670793",
"705756",,"670794",
"705804",,"670887",
"705927",,"656491",
"705950",,"671054",
"705963",,"673350",
"705973",,"671265",
"706009",,"671073",
"706025",,"673447",
"706077",,"670789",
"706163",,"671077",
"706182",,"671961",
"706205",,"673265",
"706301",,"673131",
"706311",,"447084",
"706419",,"670773",
"706444",,"629982",
"706471",,"670785",
"706506",,"671609",
"706568",,"671324",
"706803",,"670755",
"706804",,"670756",
"706829",,"673810",
"706830",,"671335",
"706875",,"671778",
"706905",,"673076",
"707078",,"674684",
"707551",,"700509",
"707589",,"700361",
"707832",,"448565",
"707837",,"632807",
"707928",,"671961",
"708084",,"700292",
"708445",,"708450",
"709116",,"672308",
"709225",,"701024",
"709411",,"708365",
"709516",,"700005",
"710049",,"700332",
"710338",,"700707",
"710703",,"700064",
"710731",,"453984",
"710777",,"454548",
"710843",,"636295",
"712380",,"648433",
"713449",,"630907",
"713610",,"713607",
"713925",,"713928",
"714758",,"6815",
"715118",,"699505",
"715551",,"371820",
"715936",,"778957",
"716345",,"340106",
"716677",,"52113",
"717380",,"113520",
"717871",,"719149",
"718115",,"313780",
"718458",,"716268",
"718479",,"638981",
"718485",,"712729",
"718667",,"145400",
"719036",,"637795",
"719462",,"701983",
"719465",,"703017",
"719967",,"1853",
"719994",,"719992",
"720043",,"720045",
"720457",,"718534",
"720523",,"720022",
"720637",,"712145",
"720865",,"72233",
"721910",,"45777",
"721941",,"73075",
"726108",,"635818",
"726121",,"83719",
"726263",,"245423",
"727408",,"75513",
"727609",,"76616",
"757401",,"609622",
"763312",,"634657",
"763584",,"630523",
"763626",,"636423",
"763968",,"732054",
"764131",,"732187",
"764699",,"710963",
"764930",,"761685",
"765714",,"632627",
"765769",,"631968",
"765832",,"635957",
"765961",,"452780",
"767008",,"637649",
"770770",,"446993",
"771469",,"107460",
"771847",,"114412",
"771855",,"123118",
"772216",,"88951",
"773212",,"145238",
"773319",,"762339",
"774265",,"454630",
"774266",,"448544",
"779661",,"779392",
"779671",,"779471",
"781649",,"20225",
"784898",,"88489",
"789041",,"789039",
"790007",,"117926",
"791864",,"791857",
"792481",,"627071",
"793167",,"73692",
"795267",,"242522",
"796827",,"403865",
"796840",,"397109",
"796851",,"397152",
"796947",,"410590",
"796948",,"410591",
"796950",,"410593",
"797148",,"409263",
"797166",,"408182",
"797168",,"408596",
"800172",,"704951",
"800499",,"674695",
"800740",,"10691",
"800898",,"224137",
"801933",,"404238",
"802249",,"12148",
"803604",,"13162",
"804064",,"46510",
"804233",,"48847",
"804724",,"44911",
"804881",,"34281",
"808457",,"239578",
"811813",,"75485",
"813123",,"799582",
"814593",,"779153",
"818331",,"817237",
"825253",,"217699",
"830114",,"448668",
"830123",,"700657",
"830241",,"448715",
"833787",,"731521",
"833967",,"762983",
"904375",,"162740",
"7819",,"222021",
"7889",,"222951",
"8123",,"239035",
"9004",,"223654",
"9482",,"223412",
"10340",,"223879",
"11344",,"222184",
"11605",,"234740",
"12579",,"241328",
"12804",,"241783",
"12888",,"241911",
"13085",,"409560",
"18940",,"244897",
"19966",,"226251",
"20714",,"244775",
"21735",,"225721",
"22566",,"216486",
"52020",,"215347",
"52596",,"231888",
"53209",,"249644",
"78917",,"232521",
"453264",,"160046",
"453877",,"161627",
"457406",,"234008",
"521671",,"100565",
"710292",,"700865",
"99",,"92",
"366",,"236047",
"531",,"240253",
"849",,"233226",
"863",,"233750",
"876",,"1091",
"945",,"457399",
"1099",,"1103",
"1115",,"457260",
"1307",,"457282",
"1362",,"1365",
"1410",,"457299",
"1485",,"11288",
"1566",,"233223",
"1594",,"457321",
"1666",,"1665",
"1725",,"457362",
"1902",,"233873",
"1918",,"233883",
"2054",,"2053",
"2133",,"220200",
"30108",,"469729",
"5493",,"5494",
"6184",,"718843",
"7230",,"546290",
"7632",,"244689",
"7640",,"223323",
"7647",,"241763",
"7669",,"239130",
"7681",,"222528",
"7693",,"223124",
"7703",,"243187",
"7711",,"238983",
"7715",,"224006",
"7727",,"243224",
"7748",,"242290",
"7753",,"239100",
"7763",,"240451",
"7773",,"223114",
"7781",,"222058",
"7788",,"224182",
"7800",,"222156",
"7807",,"244529",
"7821",,"222667",
"7827",,"239112",
"7833",,"242036",
"7838",,"244385",
"7845",,"244248",
"7851",,"223172",
"7866",,"241594",
"7876",,"244490",
"7894",,"223152",
"7906",,"222017",
"7912",,"241393",
"7922",,"235421",
"7928",,"235402",
"7952",,"240536",
"7984",,"223399",
"8012",,"244640",
"8017",,"223537",
"8025",,"241475",
"8036",,"243419",
"8047",,"234618",
"8053",,"253033",
"8058",,"243411",
"8062",,"243400",
"8071",,"223519",
"8084",,"239001",
"8108",,"243327",
"8122",,"239037",
"8159",,"222952",
"8168",,"222318",
"8172",,"222321",
"8195",,"19878",
"8236",,"222315",
"8306",,"241888",
"8313",,"241899",
"8664",,"8663",
"8742",,"222709",
"8744",,"251095",
"8841",,"9061",
"8957",,"234876",
"8959",,"234885",
"9143",,"9089",
"9268",,"222441",
"9412",,"222305",
"9431",,"222328",
"9484",,"223338",
"9553",,"223450",
"9829",,"243087",
"9839",,"243102",
"9841",,"243075",
"9875",,"243175",
"9883",,"410919",
"9992",,"222815",
"9997",,"243228",
"10011",,"243519",
"10014",,"243458",
"10020",,"243512",
"10023",,"243514",
"10027",,"243526",
"10032",,"243534",
"10035",,"243488",
"10051",,"244433",
"10058",,"244444",
"10064",,"244456",
"10069",,"244474",
"10214",,"244537",
"10252",,"244262",
"10259",,"253183",
"10345",,"251545",
"10452",,"396818",
"10537",,"200637",
"10722",,"10721",
"11070",,"224171",
"11268",,"223512",
"11296",,"222117",
"11314",,"222082",
"11327",,"222091",
"11332",,"222085",
"11336",,"222093",
"11354",,"222160",
"11396",,"394265",
"11425",,"240492",
"11494",,"521459",
"11513",,"240358",
"11563",,"222266",
"11678",,"224160",
"11701",,"222220",
"11716",,"235165",
"11783",,"223079",
"11790",,"223081",
"11811",,"242560",
"11929",,"221896",
"11949",,"393779",
"12010",,"244644",
"12034",,"244631",
"12084",,"235227",
"12094",,"235393",
"12099",,"235382",
"12319",,"223141",
"12486",,"223127",
"12522",,"241861",
"12550",,"241290",
"12583",,"241362",
"12613",,"241308",
"12621",,"241305",
"12706",,"241415",
"12738",,"241545",
"12792",,"241610",
"12806",,"241787",
"12816",,"241688",
"12836",,"241740",
"12845",,"241581",
"12877",,"241903",
"12893",,"241921",
"12900",,"241930",
"12922",,"242335",
"12973",,"241808",
"13032",,"409473",
"13116",,"409578",
"13117",,"409583",
"13351",,"13349",
"13662",,"242650",
"14258",,"14255",
"14696",,"242196",
"15397",,"15396",
"15728",,"15750",
"16232",,"242467",
"16272",,"16271",
"16274",,"242461",
"16353",,"16352",
"16465",,"16464",
"17108",,"407953",
"17250",,"17307",
"17301",,"17293",
"17529",,"17528",
"17722",,"240674",
"17922",,"579877",
"17924",,"579879",
"18034",,"579886",
"18463",,"581193",
"18485",,"545794",
"18592",,"359956",
"18641",,"241232",
"18765",,"240952",
"18876",,"224977",
"18901",,"224643",
"18918",,"216539",
"18956",,"244782",
"19083",,"227361",
"19298",,"227250",
"19414",,"227248",
"19641",,"227194",
"19859",,"224646",
"19867",,"224651",
"20253",,"225146",
"20316",,"225084",
"20490",,"224882",
"20492",,"224911",
"20501",,"224873",
"20528",,"224884",
"20560",,"398447",
"20582",,"224906",
"20692",,"244763",
"20754",,"245012",
"20996",,"244943",
"21100",,"244722",
"21204",,"244778",
"21362",,"235469",
"21409",,"235450",
"21773",,"225733",
"21922",,"226057",
"22075",,"399828",
"22332",,"217658",
"22496",,"216585",
"22506",,"216595",
"22528",,"216557",
"22546",,"216537",
"22569",,"216492",
"22833",,"284337",
"22997",,"225360",
"23755",,"217183",
"25383",,"224463",
"25445",,"224315",
"25455",,"224331",
"25486",,"224372",
"25540",,"224211",
"25602",,"224265",
"26154",,"225631",
"26629",,"217308",
"27446",,"224825",
"27643",,"226407",
"27652",,"226461",
"28359",,"226702",
"28495",,"220859",
"28891",,"215802",
"28974",,"28980",
"29222",,"520280",
"45729",,"57638",
"45937",,"55548",
"46139",,"55530",
"48376",,"48924",
"49292",,"49287",
"50479",,"50482",
"51341",,"220629",
"51348",,"220764",
"51361",,"232458",
"51415",,"232448",
"51451",,"237797",
"51463",,"238300",
"51468",,"241107",
"51478",,"227854",
"51487",,"238492",
"51493",,"237733",
"51525",,"28898",
"51605",,"238390",
"51628",,"252368",
"51693",,"238231",
"51755",,"237323",
"51791",,"237859",
"51800",,"237825",
"51812",,"237843",
"51878",,"237304",
"51902",,"237277",
"52296",,"236076",
"52307",,"232256",
"52311",,"228124",
"52470",,"231942",
"52494",,"232214",
"52546",,"232043",
"52633",,"231883",
"52871",,"232338",
"52986",,"236089",
"53027",,"74349",
"53213",,"248399",
"54807",,"248379",
"55456",,"45582",
"55550",,"45945",
"38582",,"38773",
"40745",,"40716",
"40997",,"59226",
"41563",,"520268",
"41766",,"41773",
"41881",,"462386",
"42651",,"42650",
"43972",,"44964",
"44221",,"463662",
"44581",,"43532",
"78797",,"232662",
"78804",,"232652",
"78810",,"232736",
"78812",,"232740",
"78815",,"232744",
"78818",,"232564",
"78826",,"232722",
"78829",,"232726",
"78840",,"232554",
"78850",,"232719",
"78859",,"232636",
"78880",,"232644",
"78895",,"232493",
"78898",,"232506",
"78906",,"232507",
"78913",,"232517",
"78916",,"232519",
"78926",,"232535",
"78932",,"232543",
"78936",,"232549",
"78948",,"232566",
"78955",,"232575",
"78960",,"232579",
"78964",,"78963",
"78979",,"232590",
"78990",,"232600",
"78994",,"232606",
"78997",,"232609",
"79003",,"232619",
"79006",,"232623",
"79009",,"232627",
"79020",,"232614",
"79029",,"232634",
"79054",,"232751",
"79058",,"232755",
"79065",,"297898",
"79088",,"232667",
"79096",,"232682",
"79101",,"232686",
"79109",,"232690",
"79112",,"232693",
"79123",,"232694",
"79129",,"79128",
"79145",,"232729",
"79153",,"232716",
"79176",,"232647",
"79192",,"232764",
"56240",,"45276",
"57466",,"57499",
"57558",,"57564",
"57693",,"57786",
"58554",,"58556",
"61995",,"162713",
"62064",,"579252",
"62702",,"62701",
"63510",,"363318",
"64844",,"539002",
"64892",,"234449",
"64910",,"234482",
"66457",,"564785",
"71671",,"526143",
"72453",,"551747",
"72506",,"551757",
"72549",,"568119",
"72782",,"576506",
"73174",,"547511",
"73213",,"568123",
"73227",,"570444",
"73550",,"693761",
"74333",,"682121",
"74344",,"627578",
"75325",,"670128",
"75556",,"697662",
"75599",,"675666",
"75608",,"688438",
"75668",,"697107",
"75813",,"679416",
"75881",,"75882",
"75986",,"842592",
"76178",,"688662",
"76300",,"681736",
"76470",,"670141",
"76603",,"76601",
"77163",,"551849",
"78407",,"220498",
"78447",,"250267",
"78505",,"220515",
"78643",,"220526",
"78776",,"232645",
"78780",,"232597",
"78783",,"232747",
"78791",,"232650",
"79819",,"79820",
"80392",,"80391",
"81013",,"447347",
"580646",,"530299",
"582618",,"419095",
"832849",,"830261",
"834008",,"707736",
"901969",,"444252",
"7742",,"241729",
"8452",,"8451",
"10036",,"243535",
"80198",,"447951",
"454900",,"129086",
"590523",,"544435",
"591610",,"591760",
"593026",,"593585",
"600922",,"600902",
"605885",,"676314",
"611372",,"762061",
"613597",,"151148",
"613693",,"621700",
"620059",,"111500",
"620141",,"113393",
"620619",,"121150",
"621776",,"106405",
"625834",,"676628",
"633784",,"710663",
"637964",,"629362",
"642477",,"54180",
"644987",,"258242",
"645628",,"528806",
"646307",,"608355",
"647178",,"53668",
"648421",,"645045",
"648795",,"73070",
"653736",,"697014",
"653826",,"698188",
"657971",,"670206",
"444220",,"654833",
"444224",,"654831",
"444962",,"538722",
"445464",,"91053",
"445752",,"81023",
"445839",,"97409",
"445968",,"91817",
"446102",,"143239",
"446608",,"133108",
"446683",,"87779",
"446753",,"92550",
"446790",,"82863",
"447080",,"629352",
"447333",,"79687",
"447340",,"79707",
"447476",,"706048",
"452462",,"160342",
"452559",,"446949",
"452604",,"96746",
"452630",,"128774",
"452665",,"621318",
"452721",,"90123",
"452788",,"160176",
"452801",,"123740",
"452812",,"93544",
"452863",,"455967",
"453177",,"161825",
"453277",,"111786",
"453315",,"111903",
"453406",,"149999",
"453419",,"108423",
"453573",,"160292",
"453675",,"124070",
"453779",,"637316",
"453880",,"632745",
"454118",,"446293",
"454135",,"103820",
"454156",,"635360",
"454169",,"145821",
"454237",,"126450",
"454912",,"132214",
"454915",,"123745",
"454974",,"112260",
"454995",,"111877",
"455107",,"93528",
"455174",,"99999",
"669352",,"74776",
"670121",,"74958",
"670131",,"529058",
"670160",,"657960",
"670197",,"76257",
"670212",,"648671",
"672286",,"673150",
"674124",,"701783",
"676923",,"74093",
"678715",,"76102",
"678908",,"76227",
"679171",,"75630",
"679263",,"73459",
"679431",,"72404",
"455315",,"94490",
"455457",,"160868",
"455579",,"101232",
"455742",,"124261",
"455841",,"154235",
"455909",,"448631",
"455932",,"107015",
"456010",,"621119",
"456057",,"459654",
"456180",,"432944",
"456546",,"442563",
"456569",,"456086",
"457105",,"549595",
"457205",,"457109",
"457263",,"1151",
"457267",,"233282",
"457271",,"233287",
"457303",,"1417",
"457306",,"233689",
"457318",,"234071",
"457337",,"303901",
"457353",,"233257",
"457364",,"1737",
"457376",,"302883",
"457409",,"234017",
"460443",,"684190",
"461140",,"418907",
"461163",,"419042",
"461240",,"424651",
"463996",,"520493",
"469101",,"469100",
"680104",,"680103",
"681493",,"74073",
"681683",,"545095",
"681713",,"76250",
"681822",,"547274",
"681937",,"75855",
"681978",,"76222",
"682038",,"653287",
"682320",,"75054",
"682492",,"74880",
"683341",,"535665",
"684358",,"652735",
"684508",,"370509",
"684791",,"7344",
"513723",,"519317",
"517667",,"517860",
"517898",,"464970",
"519201",,"464007",
"520311",,"464275",
"520347",,"464276",
"520642",,"515583",
"521471",,"660008",
"521493",,"54191",
"521638",,"103682",
"521641",,"108996",
"521650",,"106222",
"521652",,"92270",
"521657",,"105781",
"521663",,"97234",
"521666",,"100617",
"521676",,"106220",
"527494",,"591449",
"527827",,"590324",
"531274",,"546161",
"531319",,"694185",
"531322",,"694325",
"531358",,"542803",
"686025",,"62538",
"686133",,"655529",
"686865",,"650705",
"687101",,"657881",
"687139",,"73944",
"687231",,"74997",
"687737",,"73129",
"687789",,"73880",
"687847",,"75685",
"688014",,"73425",
"688050",,"76104",
"688155",,"73644",
"688360",,"688359",
"688543",,"73742",
"688657",,"76657",
"688708",,"76687",
"689099",,"648667",
"689800",,"76686",
"690485",,"596376",
"534122",,"551404",
"536493",,"527475",
"548204",,"679309",
"693233",,"73454",
"693698",,"74234",
"694714",,"650502",
"694900",,"74250",
"696971",,"655499",
"697119",,"74626",
"697133",,"75107",
"697228",,"76040",
"697335",,"74971",
"697369",,"74938",
"697490",,"73158",
"697567",,"76215",
"697594",,"655507",
"697678",,"76829",
"697831",,"73866",
"698003",,"698004",
"698127",,"698129",
"698175",,"75728",
"701014",,"454838",
"548780",,"575827",
"551087",,"575174",
"701522",,"701497",
"703332",,"700453",
"703451",,"698736",
"703659",,"72180",
"704146",,"652754",
"704211",,"648611",
"704234",,"75224",
"705054",,"74850",
"705117",,"74848",
"705758",,"672493",
"705814",,"673801",
"705951",,"672222",
"705991",,"670767",
"706028",,"670751",
"706166",,"672052",
"706245",,"671079",
"706329",,"670724",
"706422",,"670759",
"706473",,"673201",
"706774",,"672333",
"706809",,"670791",
"706852",,"670784",
"706904",,"673042",
"707371",,"82339",
"707790",,"671050",
"707838",,"629465",
"707963",,"700457",
"710295",,"674683",
"710688",,"448073",
"710784",,"629555",
"713996",,"53598",
"716044",,"716043",
"717712",,"719472",
"718199",,"657135",
"718482",,"716367",
"718732",,"148961",
"719134",,"118556",
"719309",,"884177",
"719455",,"777882",
"719976",,"836078",
"720109",,"720110",
"721937",,"29848",
"726688",,"443753",
"727626",,"530291",
"755053",,"761688",
"762981",,"716155",
"763561",,"453945",
"763743",,"633934",
"764543",,"455395",
"766278",,"637879",
"770672",,"632917",
"771638",,"88731",
"772177",,"104204",
"772754",,"771253",
"779672",,"779467",
"784251",,"248053",
"790775",,"809278",
"792892",,"627051",
"795814",,"74922",
"803605",,"13165",
"804455",,"667274",
"804932",,"516381",
"811555",,"516381",
"139137",,"114632",
"397038",,"10404",
"397218",,"397251",
"397590",,"12163",
"402361",,"457332",
"403581",,"234823",
"403905",,"397098",
"404493",,"235211",
"114833",,"771864",
"115078",,"115079",
"141736",,"141737",
"162045",,"116501",
"407880",,"16899",
"408080",,"408099",
"408563",,"408558",
"410025",,"797153",
"145244",,"616971",
"162639",,"718565",
"162652",,"621768",
"220911",,"543114",
"418694",,"439145",
"419109",,"461169",
"424444",,"461167",
"425196",,"461199",
"147909",,"772757",
"148646",,"148635",
"149022",,"149023",
"118923",,"772028",
"233588",,"457292",
"233712",,"457307",
"233887",,"457342",
"234018",,"457410",
"234168",,"457389",
"443300",,"416972",
"122546",,"159831",
"154287",,"143632",
"159458",,"130207",
"125332",,"448412",
"159554",,"84874",
"159578",,"613672",
"159619",,"93866",
"159664",,"146618",
"159701",,"102106",
"159731",,"148723",
"252516",,"365183",
"159832",,"521647",
"159847",,"154873",
"159873",,"127556",
"159886",,"129696",
"159960",,"613548",
"289198",,"536042",
"130051",,"130050",
"159990",,"142152",
"160181",,"149391",
"104864",,"104863",
"348286",,"25391",
"160823",,"764295",
"359616",,"69602",
"363265",,"363263",
"107590",,"614963",
"108269",,"108268",
"160934",,"104420",
"161106",,"619433",
"366585",,"578288",
"368698",,"542863",
"374976",,"512570",
"376103",,"688167",
"382264",,"669580",
"384634",,"543946",
"388199",,"826089",
"390113",,"218135",
"111197",,"111200",
