"NÂ°";"id_counting_occtax";"id_occurrence_occtax";"id_nomenclature_life_stage";"id_nomenclature_sex";"id_nomenclature_obj_count";"id_nomenclature_type_count";"count_min";"count_max"
583;2485;2762;1;167;141;90;1;50
584;2486;2763;1;167;141;90;1;50
585;2487;2764;1;167;141;90;1;50
586;2488;2765;1;167;141;90;1;50
587;2489;2766;1;167;141;90;1;50
588;2490;2767;1;167;141;90;1;50
589;2491;2768;1;167;141;90;1;50
590;2492;2769;1;167;141;90;1;50
591;2493;2770;1;167;141;90;1;50
592;2494;2771;1;167;141;90;1;50
593;2495;2772;1;167;141;90;1;50
594;2496;2773;1;167;141;90;1;50
595;2497;2774;1;167;141;90;1;50
596;2498;2775;1;167;141;90;1;50
597;2499;2776;1;167;141;90;1;50
598;2500;2777;1;167;141;90;1;50
599;2501;2778;1;167;141;90;1;50
600;2502;2779;1;167;141;90;1;50
601;2503;2780;1;167;141;90;1;50
602;2504;2781;1;167;141;90;1;50
603;2505;2782;1;167;141;90;1;50
604;2506;2783;1;167;141;90;1;50
605;2507;2784;1;167;141;90;1;50
606;2508;2785;1;167;141;90;1;50
607;2509;2786;1;167;141;90;1;50
608;2510;2787;1;167;141;90;1;50
609;2511;2788;1;167;141;90;1;50
610;2512;2789;1;167;141;90;1;50
611;2513;2790;1;167;141;90;1;50
612;2514;2791;1;167;141;90;1;50
613;2515;2792;1;167;141;90;1;50
614;2516;2793;1;167;141;90;1;50
615;2517;2794;1;167;141;90;1;50
616;2518;2795;1;167;141;90;1;50
617;2519;2796;1;167;141;90;1;50
618;2520;2797;1;167;141;90;1;50
619;2521;2798;1;167;141;90;1;50
620;2522;2799;1;167;141;90;1;50
621;2523;2800;1;167;141;90;1;50
622;2524;2801;1;167;141;90;1;50
623;2525;2802;1;167;141;90;1;50
624;2526;2803;1;167;141;90;1;50
625;2527;2804;1;167;141;90;1;50
626;2528;2805;1;167;141;90;1;50
627;2529;2806;1;167;141;90;1;50
628;2530;2807;1;167;141;90;1;50
629;2531;2808;1;167;141;90;1;50
630;2532;2809;1;167;141;90;1;50
631;2533;2810;1;167;141;90;1;50
632;2534;2811;1;167;141;90;1;50
633;2535;2812;1;167;141;90;1;50
634;2536;2813;1;167;141;90;1;50
635;2537;2814;1;167;141;90;1;50
636;2538;2815;1;167;141;90;1;50
637;2539;2816;1;167;141;90;1;50
638;2540;2817;1;167;141;90;1;50
639;2541;2818;1;167;141;90;1;50
640;2542;2819;1;167;141;90;1;50
641;2543;2820;1;167;141;90;1;50
642;2544;2821;1;167;141;90;1;50
643;2545;2822;1;167;141;90;1;50
644;2546;2823;1;167;141;90;1;50
645;2547;2824;1;167;141;90;1;50
646;2548;2825;1;167;141;90;1;50
647;2549;2826;1;167;141;90;1;50
648;2550;2827;1;167;141;90;1;50
649;2551;2828;1;167;141;90;1;50
650;2552;2829;1;167;141;90;1;50
651;2553;2830;1;167;141;90;1;50
652;2554;2831;1;167;141;90;1;50
653;2555;2832;1;167;141;90;1;50
654;2556;2833;1;167;141;90;1;50
655;2557;2834;1;167;141;90;1;50
656;2558;2835;1;167;141;90;1;50
657;2559;2836;1;167;141;90;1;50
658;2560;2837;1;167;141;90;1;50
659;2561;2838;1;167;141;90;1;50
660;2562;2839;1;167;141;90;1;50
661;2563;2840;1;167;141;90;1;50
662;2564;2841;1;167;141;90;1;50
663;2565;2842;1;167;141;90;1;50
664;2566;2843;1;167;141;90;1;50
665;2567;2844;1;167;141;90;1;50
666;2568;2845;1;167;141;90;1;50
667;2569;2846;1;167;141;90;1;50
668;2570;2847;1;167;141;90;1;50
669;2571;2848;1;167;141;90;1;50
670;2572;2849;1;167;141;90;1;50
671;2573;2850;1;167;141;90;1;50
672;2574;2851;1;167;141;90;1;50
673;2575;2852;1;167;141;90;1;50
674;2576;2853;1;167;141;90;1;50
675;2577;2854;1;167;141;90;1;50
676;2578;2855;1;167;141;90;1;50
677;2579;2856;1;167;141;90;1;50
678;2580;2857;1;167;141;90;1;50
679;2581;2858;1;167;141;90;1;50
1;1903;2180;1;167;141;90;1;50
2;1904;2181;1;167;141;90;1;50
3;1905;2182;1;167;141;90;1;50
4;1906;2183;1;167;141;90;1;50
5;1907;2184;1;167;141;90;1;50
6;1908;2185;1;167;141;90;1;50
7;1909;2186;1;167;141;90;1;50
8;1910;2187;1;167;141;90;1;50
9;1911;2188;1;167;141;90;1;50
10;1912;2189;1;167;141;90;1;50
11;1913;2190;1;167;141;90;1;50
12;1914;2191;1;167;141;90;1;50
13;1915;2192;1;167;141;90;1;50
14;1916;2193;1;167;141;90;1;50
15;1917;2194;1;167;141;90;1;50
16;1918;2195;1;167;141;90;1;50
17;1919;2196;1;167;141;90;1;50
18;1920;2197;1;167;141;90;1;50
19;1921;2198;1;167;141;90;1;50
20;1922;2199;1;167;141;90;1;50
21;1923;2200;1;167;141;90;1;50
22;1924;2201;1;167;141;90;1;50
23;1925;2202;1;167;141;90;1;50
24;1926;2203;1;167;141;90;1;50
25;1927;2204;1;167;141;90;1;50
26;1928;2205;1;167;141;90;1;50
27;1929;2206;1;167;141;90;1;50
28;1930;2207;1;167;141;90;1;50
29;1931;2208;1;167;141;90;1;50
30;1932;2209;1;167;141;90;1;50
31;1933;2210;1;167;141;90;1;50
32;1934;2211;1;167;141;90;1;50
33;1935;2212;1;167;141;90;1;50
34;1936;2213;1;167;141;90;1;50
35;1937;2214;1;167;141;90;1;50
36;1938;2215;1;167;141;90;1;50
37;1939;2216;1;167;141;90;1;50
38;1940;2217;1;167;141;90;1;50
39;1941;2218;1;167;141;90;1;50
40;1942;2219;1;167;141;90;1;50
41;1943;2220;1;167;141;90;1;50
42;1944;2221;1;167;141;90;1;50
43;1945;2222;1;167;141;90;1;50
44;1946;2223;1;167;141;90;1;50
45;1947;2224;1;167;141;90;1;50
46;1948;2225;1;167;141;90;1;50
47;1949;2226;1;167;141;90;1;50
48;1950;2227;1;167;141;90;1;50
49;1951;2228;1;167;141;90;1;50
50;1952;2229;1;167;141;90;1;50
51;1953;2230;1;167;141;90;1;50
52;1954;2231;1;167;141;90;1;50
53;1955;2232;1;167;141;90;1;50
54;1956;2233;1;167;141;90;1;50
55;1957;2234;1;167;141;90;1;50
56;1958;2235;1;167;141;90;1;50
57;1959;2236;1;167;141;90;1;50
58;1960;2237;1;167;141;90;1;50
59;1961;2238;1;167;141;90;1;50
60;1962;2239;1;167;141;90;1;50
61;1963;2240;1;167;141;90;1;50
62;1964;2241;1;167;141;90;1;50
63;1965;2242;1;167;141;90;1;50
64;1966;2243;1;167;141;90;1;50
65;1967;2244;1;167;141;90;1;50
66;1968;2245;1;167;141;90;1;50
67;1969;2246;1;167;141;90;1;50
68;1970;2247;1;167;141;90;1;50
69;1971;2248;1;167;141;90;1;50
70;1972;2249;1;167;141;90;1;50
71;1973;2250;1;167;141;90;1;50
72;1974;2251;1;167;141;90;1;50
73;1975;2252;1;167;141;90;1;50
74;1976;2253;1;167;141;90;1;50
75;1977;2254;1;167;141;90;1;50
76;1978;2255;1;167;141;90;1;50
77;1979;2256;1;167;141;90;1;50
78;1980;2257;1;167;141;90;1;50
79;1981;2258;1;167;141;90;1;50
80;1982;2259;1;167;141;90;1;50
81;1983;2260;1;167;141;90;1;50
82;1984;2261;1;167;141;90;1;50
83;1985;2262;1;167;141;90;1;50
84;1986;2263;1;167;141;90;1;50
85;1987;2264;1;167;141;90;1;50
86;1988;2265;1;167;141;90;1;50
87;1989;2266;1;167;141;90;1;50
88;1990;2267;1;167;141;90;1;50
89;1991;2268;1;167;141;90;1;50
90;1992;2269;1;167;141;90;1;50
91;1993;2270;1;167;141;90;1;50
92;1994;2271;1;167;141;90;1;50
93;1995;2272;1;167;141;90;1;50
94;1996;2273;1;167;141;90;1;50
95;1997;2274;1;167;141;90;1;50
96;1998;2275;1;167;141;90;1;50
97;1999;2276;1;167;141;90;1;50
98;2000;2277;1;167;141;90;1;50
99;2001;2278;1;167;141;90;1;50
100;2002;2279;1;167;141;90;1;50
101;2003;2280;1;167;141;90;1;50
102;2004;2281;1;167;141;90;1;50
103;2005;2282;1;167;141;90;1;50
104;2006;2283;1;167;141;90;1;50
105;2007;2284;1;167;141;90;1;50
106;2008;2285;1;167;141;90;1;50
107;2009;2286;1;167;141;90;1;50
108;2010;2287;1;167;141;90;1;50
109;2011;2288;1;167;141;90;1;50
110;2012;2289;1;167;141;90;1;50
111;2013;2290;1;167;141;90;1;50
112;2014;2291;1;167;141;90;1;50
113;2015;2292;1;167;141;90;1;50
114;2016;2293;1;167;141;90;1;50
115;2017;2294;1;167;141;90;1;50
116;2018;2295;1;167;141;90;1;50
117;2019;2296;1;167;141;90;1;50
118;2020;2297;1;167;141;90;1;50
119;2021;2298;1;167;141;90;1;50
120;2022;2299;1;167;141;90;1;50
121;2023;2300;1;167;141;90;1;50
122;2024;2301;1;167;141;90;1;50
123;2025;2302;1;167;141;90;1;50
124;2026;2303;1;167;141;90;1;50
125;2027;2304;1;167;141;90;1;50
126;2028;2305;1;167;141;90;1;50
127;2029;2306;1;167;141;90;1;50
128;2030;2307;1;167;141;90;1;50
129;2031;2308;1;167;141;90;1;50
130;2032;2309;1;167;141;90;1;50
131;2033;2310;1;167;141;90;1;50
132;2034;2311;1;167;141;90;1;50
133;2035;2312;1;167;141;90;1;50
134;2036;2313;1;167;141;90;1;50
135;2037;2314;1;167;141;90;1;50
136;2038;2315;1;167;141;90;1;50
137;2039;2316;1;167;141;90;1;50
138;2040;2317;1;167;141;90;1;50
139;2041;2318;1;167;141;90;1;50
140;2042;2319;1;167;141;90;1;50
141;2043;2320;1;167;141;90;1;50
142;2044;2321;1;167;141;90;1;50
143;2045;2322;1;167;141;90;1;50
144;2046;2323;1;167;141;90;1;50
145;2047;2324;1;167;141;90;1;50
146;2048;2325;1;167;141;90;1;50
147;2049;2326;1;167;141;90;1;50
148;2050;2327;1;167;141;90;1;50
149;2051;2328;1;167;141;90;1;50
150;2052;2329;1;167;141;90;1;50
151;2053;2330;1;167;141;90;1;50
152;2054;2331;1;167;141;90;1;50
153;2055;2332;1;167;141;90;1;50
154;2056;2333;1;167;141;90;1;50
155;2057;2334;1;167;141;90;1;50
156;2058;2335;1;167;141;90;1;50
157;2059;2336;1;167;141;90;1;50
158;2060;2337;1;167;141;90;1;50
159;2061;2338;1;167;141;90;1;50
160;2062;2339;1;167;141;90;1;50
161;2063;2340;1;167;141;90;1;50
162;2064;2341;1;167;141;90;1;50
163;2065;2342;1;167;141;90;1;50
164;2066;2343;1;167;141;90;1;50
165;2067;2344;1;167;141;90;1;50
166;2068;2345;1;167;141;90;1;50
167;2069;2346;1;167;141;90;1;50
168;2070;2347;1;167;141;90;1;50
169;2071;2348;1;167;141;90;1;50
170;2072;2349;1;167;141;90;1;50
171;2073;2350;1;167;141;90;1;50
172;2074;2351;1;167;141;90;1;50
173;2075;2352;1;167;141;90;1;50
174;2076;2353;1;167;141;90;1;50
175;2077;2354;1;167;141;90;1;50
176;2078;2355;1;167;141;90;1;50
177;2079;2356;1;167;141;90;1;50
178;2080;2357;1;167;141;90;1;50
179;2081;2358;1;167;141;90;1;50
180;2082;2359;1;167;141;90;1;50
181;2083;2360;1;167;141;90;1;50
182;2084;2361;1;167;141;90;1;50
183;2085;2362;1;167;141;90;1;50
184;2086;2363;1;167;141;90;1;50
185;2087;2364;1;167;141;90;1;50
186;2088;2365;1;167;141;90;1;50
187;2089;2366;1;167;141;90;1;50
188;2090;2367;1;167;141;90;1;50
189;2091;2368;1;167;141;90;1;50
190;2092;2369;1;167;141;90;1;50
191;2093;2370;1;167;141;90;1;50
192;2094;2371;1;167;141;90;1;50
193;2095;2372;1;167;141;90;1;50
194;2096;2373;1;167;141;90;1;50
195;2097;2374;1;167;141;90;1;50
196;2098;2375;1;167;141;90;1;50
197;2099;2376;1;167;141;90;1;50
198;2100;2377;1;167;141;90;1;50
199;2101;2378;1;167;141;90;1;50
200;2102;2379;1;167;141;90;1;50
201;2103;2380;1;167;141;90;1;50
202;2104;2381;1;167;141;90;1;50
203;2105;2382;1;167;141;90;1;50
204;2106;2383;1;167;141;90;1;50
205;2107;2384;1;167;141;90;1;50
206;2108;2385;1;167;141;90;1;50
207;2109;2386;1;167;141;90;1;50
208;2110;2387;1;167;141;90;1;50
209;2111;2388;1;167;141;90;1;50
210;2112;2389;1;167;141;90;1;50
211;2113;2390;1;167;141;90;1;50
212;2114;2391;1;167;141;90;1;50
213;2115;2392;1;167;141;90;1;50
214;2116;2393;1;167;141;90;1;50
215;2117;2394;1;167;141;90;1;50
216;2118;2395;1;167;141;90;1;50
217;2119;2396;1;167;141;90;1;50
218;2120;2397;1;167;141;90;1;50
219;2121;2398;1;167;141;90;1;50
220;2122;2399;1;167;141;90;1;50
221;2123;2400;1;167;141;90;1;50
222;2124;2401;1;167;141;90;1;50
223;2125;2402;1;167;141;90;1;50
224;2126;2403;1;167;141;90;1;50
225;2127;2404;1;167;141;90;1;50
226;2128;2405;1;167;141;90;1;50
227;2129;2406;1;167;141;90;1;50
228;2130;2407;1;167;141;90;1;50
229;2131;2408;1;167;141;90;1;50
230;2132;2409;1;167;141;90;1;50
231;2133;2410;1;167;141;90;1;50
232;2134;2411;1;167;141;90;1;50
233;2135;2412;1;167;141;90;1;50
234;2136;2413;1;167;141;90;1;50
235;2137;2414;1;167;141;90;1;50
236;2138;2415;1;167;141;90;1;50
237;2139;2416;1;167;141;90;1;50
238;2140;2417;1;167;141;90;1;50
239;2141;2418;1;167;141;90;1;50
240;2142;2419;1;167;141;90;1;50
241;2143;2420;1;167;141;90;1;50
242;2144;2421;1;167;141;90;1;50
243;2145;2422;1;167;141;90;1;50
244;2146;2423;1;167;141;90;1;50
245;2147;2424;1;167;141;90;1;50
246;2148;2425;1;167;141;90;1;50
247;2149;2426;1;167;141;90;1;50
248;2150;2427;1;167;141;90;1;50
249;2151;2428;1;167;141;90;1;50
250;2152;2429;1;167;141;90;1;50
251;2153;2430;1;167;141;90;1;50
252;2154;2431;1;167;141;90;1;50
253;2155;2432;1;167;141;90;1;50
254;2156;2433;1;167;141;90;1;50
255;2157;2434;1;167;141;90;1;50
256;2158;2435;1;167;141;90;1;50
257;2159;2436;1;167;141;90;1;50
258;2160;2437;1;167;141;90;1;50
259;2161;2438;1;167;141;90;1;50
260;2162;2439;1;167;141;90;1;50
261;2163;2440;1;167;141;90;1;50
262;2164;2441;1;167;141;90;1;50
263;2165;2442;1;167;141;90;1;50
264;2166;2443;1;167;141;90;1;50
265;2167;2444;1;167;141;90;1;50
266;2168;2445;1;167;141;90;1;50
267;2169;2446;1;167;141;90;1;50
268;2170;2447;1;167;141;90;1;50
269;2171;2448;1;167;141;90;1;50
270;2172;2449;1;167;141;90;1;50
271;2173;2450;1;167;141;90;1;50
272;2174;2451;1;167;141;90;1;50
273;2175;2452;1;167;141;90;1;50
274;2176;2453;1;167;141;90;1;50
275;2177;2454;1;167;141;90;1;50
276;2178;2455;1;167;141;90;1;50
277;2179;2456;1;167;141;90;1;50
278;2180;2457;1;167;141;90;1;50
279;2181;2458;1;167;141;90;1;50
280;2182;2459;1;167;141;90;1;50
281;2183;2460;1;167;141;90;1;50
282;2184;2461;1;167;141;90;1;50
283;2185;2462;1;167;141;90;1;50
284;2186;2463;1;167;141;90;1;50
285;2187;2464;1;167;141;90;1;50
286;2188;2465;1;167;141;90;1;50
287;2189;2466;1;167;141;90;1;50
288;2190;2467;1;167;141;90;1;50
289;2191;2468;1;167;141;90;1;50
290;2192;2469;1;167;141;90;1;50
291;2193;2470;1;167;141;90;1;50
292;2194;2471;1;167;141;90;1;50
293;2195;2472;1;167;141;90;1;50
294;2196;2473;1;167;141;90;1;50
295;2197;2474;1;167;141;90;1;50
296;2198;2475;1;167;141;90;1;50
297;2199;2476;1;167;141;90;1;50
298;2200;2477;1;167;141;90;1;50
299;2201;2478;1;167;141;90;1;50
300;2202;2479;1;167;141;90;1;50
301;2203;2480;1;167;141;90;1;50
302;2204;2481;1;167;141;90;1;50
303;2205;2482;1;167;141;90;1;50
304;2206;2483;1;167;141;90;1;50
305;2207;2484;1;167;141;90;1;50
306;2208;2485;1;167;141;90;1;50
307;2209;2486;1;167;141;90;1;50
308;2210;2487;1;167;141;90;1;50
309;2211;2488;1;167;141;90;1;50
310;2212;2489;1;167;141;90;1;50
311;2213;2490;1;167;141;90;1;50
312;2214;2491;1;167;141;90;1;50
313;2215;2492;1;167;141;90;1;50
314;2216;2493;1;167;141;90;1;50
315;2217;2494;1;167;141;90;1;50
316;2218;2495;1;167;141;90;1;50
317;2219;2496;1;167;141;90;1;50
318;2220;2497;1;167;141;90;1;50
319;2221;2498;1;167;141;90;1;50
320;2222;2499;1;167;141;90;1;50
321;2223;2500;1;167;141;90;1;50
322;2224;2501;1;167;141;90;1;50
323;2225;2502;1;167;141;90;1;50
324;2226;2503;1;167;141;90;1;50
325;2227;2504;1;167;141;90;1;50
326;2228;2505;1;167;141;90;1;50
327;2229;2506;1;167;141;90;1;50
328;2230;2507;1;167;141;90;1;50
329;2231;2508;1;167;141;90;1;50
330;2232;2509;1;167;141;90;1;50
331;2233;2510;1;167;141;90;1;50
332;2234;2511;1;167;141;90;1;50
333;2235;2512;1;167;141;90;1;50
334;2236;2513;1;167;141;90;1;50
335;2237;2514;1;167;141;90;1;50
336;2238;2515;1;167;141;90;1;50
337;2239;2516;1;167;141;90;1;50
338;2240;2517;1;167;141;90;1;50
339;2241;2518;1;167;141;90;1;50
340;2242;2519;1;167;141;90;1;50
341;2243;2520;1;167;141;90;1;50
342;2244;2521;1;167;141;90;1;50
343;2245;2522;1;167;141;90;1;50
344;2246;2523;1;167;141;90;1;50
345;2247;2524;1;167;141;90;1;50
346;2248;2525;1;167;141;90;1;50
347;2249;2526;1;167;141;90;1;50
348;2250;2527;1;167;141;90;1;50
349;2251;2528;1;167;141;90;1;50
350;2252;2529;1;167;141;90;1;50
351;2253;2530;1;167;141;90;1;50
352;2254;2531;1;167;141;90;1;50
353;2255;2532;1;167;141;90;1;50
354;2256;2533;1;167;141;90;1;50
355;2257;2534;1;167;141;90;1;50
356;2258;2535;1;167;141;90;1;50
357;2259;2536;1;167;141;90;1;50
358;2260;2537;1;167;141;90;1;50
359;2261;2538;1;167;141;90;1;50
360;2262;2539;1;167;141;90;1;50
361;2263;2540;1;167;141;90;1;50
362;2264;2541;1;167;141;90;1;50
363;2265;2542;1;167;141;90;1;50
364;2266;2543;1;167;141;90;1;50
365;2267;2544;1;167;141;90;1;50
366;2268;2545;1;167;141;90;1;50
367;2269;2546;1;167;141;90;1;50
368;2270;2547;1;167;141;90;1;50
369;2271;2548;1;167;141;90;1;50
370;2272;2549;1;167;141;90;1;50
371;2273;2550;1;167;141;90;1;50
372;2274;2551;1;167;141;90;1;50
373;2275;2552;1;167;141;90;1;50
374;2276;2553;1;167;141;90;1;50
375;2277;2554;1;167;141;90;1;50
376;2278;2555;1;167;141;90;1;50
377;2279;2556;1;167;141;90;1;50
378;2280;2557;1;167;141;90;1;50
379;2281;2558;1;167;141;90;1;50
380;2282;2559;1;167;141;90;1;50
381;2283;2560;1;167;141;90;1;50
382;2284;2561;1;167;141;90;1;50
383;2285;2562;1;167;141;90;1;50
384;2286;2563;1;167;141;90;1;50
385;2287;2564;1;167;141;90;1;50
386;2288;2565;1;167;141;90;1;50
387;2289;2566;1;167;141;90;1;50
388;2290;2567;1;167;141;90;1;50
389;2291;2568;1;167;141;90;1;50
390;2292;2569;1;167;141;90;1;50
391;2293;2570;1;167;141;90;1;50
392;2294;2571;1;167;141;90;1;50
393;2295;2572;1;167;141;90;1;50
394;2296;2573;1;167;141;90;1;50
395;2297;2574;1;167;141;90;1;50
396;2298;2575;1;167;141;90;1;50
397;2299;2576;1;167;141;90;1;50
398;2300;2577;1;167;141;90;1;50
399;2301;2578;1;167;141;90;1;50
400;2302;2579;1;167;141;90;1;50
401;2303;2580;1;167;141;90;1;50
402;2304;2581;1;167;141;90;1;50
403;2305;2582;1;167;141;90;1;50
404;2306;2583;1;167;141;90;1;50
405;2307;2584;1;167;141;90;1;50
406;2308;2585;1;167;141;90;1;50
407;2309;2586;1;167;141;90;1;50
408;2310;2587;1;167;141;90;1;50
409;2311;2588;1;167;141;90;1;50
410;2312;2589;1;167;141;90;1;50
411;2313;2590;1;167;141;90;1;50
412;2314;2591;1;167;141;90;1;50
413;2315;2592;1;167;141;90;1;50
414;2316;2593;1;167;141;90;1;50
415;2317;2594;1;167;141;90;1;50
416;2318;2595;1;167;141;90;1;50
417;2319;2596;1;167;141;90;1;50
418;2320;2597;1;167;141;90;1;50
419;2321;2598;1;167;141;90;1;50
420;2322;2599;1;167;141;90;1;50
421;2323;2600;1;167;141;90;1;50
422;2324;2601;1;167;141;90;1;50
423;2325;2602;1;167;141;90;1;50
424;2326;2603;1;167;141;90;1;50
425;2327;2604;1;167;141;90;1;50
426;2328;2605;1;167;141;90;1;50
427;2329;2606;1;167;141;90;1;50
428;2330;2607;1;167;141;90;1;50
429;2331;2608;1;167;141;90;1;50
430;2332;2609;1;167;141;90;1;50
431;2333;2610;1;167;141;90;1;50
432;2334;2611;1;167;141;90;1;50
433;2335;2612;1;167;141;90;1;50
434;2336;2613;1;167;141;90;1;50
435;2337;2614;1;167;141;90;1;50
436;2338;2615;1;167;141;90;1;50
437;2339;2616;1;167;141;90;1;50
438;2340;2617;1;167;141;90;1;50
439;2341;2618;1;167;141;90;1;50
440;2342;2619;1;167;141;90;1;50
441;2343;2620;1;167;141;90;1;50
442;2344;2621;1;167;141;90;1;50
443;2345;2622;1;167;141;90;1;50
444;2346;2623;1;167;141;90;1;50
445;2347;2624;1;167;141;90;1;50
446;2348;2625;1;167;141;90;1;50
447;2349;2626;1;167;141;90;1;50
448;2350;2627;1;167;141;90;1;50
449;2351;2628;1;167;141;90;1;50
450;2352;2629;1;167;141;90;1;50
451;2353;2630;1;167;141;90;1;50
452;2354;2631;1;167;141;90;1;50
453;2355;2632;1;167;141;90;1;50
454;2356;2633;1;167;141;90;1;50
455;2357;2634;1;167;141;90;1;50
456;2358;2635;1;167;141;90;1;50
457;2359;2636;1;167;141;90;1;50
458;2360;2637;1;167;141;90;1;50
459;2361;2638;1;167;141;90;1;50
460;2362;2639;1;167;141;90;1;50
461;2363;2640;1;167;141;90;1;50
462;2364;2641;1;167;141;90;1;50
463;2365;2642;1;167;141;90;1;50
464;2366;2643;1;167;141;90;1;50
465;2367;2644;1;167;141;90;1;50
466;2368;2645;1;167;141;90;1;50
467;2369;2646;1;167;141;90;1;50
468;2370;2647;1;167;141;90;1;50
469;2371;2648;1;167;141;90;1;50
470;2372;2649;1;167;141;90;1;50
471;2373;2650;1;167;141;90;1;50
472;2374;2651;1;167;141;90;1;50
473;2375;2652;1;167;141;90;1;50
474;2376;2653;1;167;141;90;1;50
475;2377;2654;1;167;141;90;1;50
476;2378;2655;1;167;141;90;1;50
477;2379;2656;1;167;141;90;1;50
478;2380;2657;1;167;141;90;1;50
479;2381;2658;1;167;141;90;1;50
480;2382;2659;1;167;141;90;1;50
481;2383;2660;1;167;141;90;1;50
482;2384;2661;1;167;141;90;1;50
483;2385;2662;1;167;141;90;1;50
484;2386;2663;1;167;141;90;1;50
485;2387;2664;1;167;141;90;1;50
486;2388;2665;1;167;141;90;1;50
487;2389;2666;1;167;141;90;1;50
488;2390;2667;1;167;141;90;1;50
489;2391;2668;1;167;141;90;1;50
490;2392;2669;1;167;141;90;1;50
491;2393;2670;1;167;141;90;1;50
492;2394;2671;1;167;141;90;1;50
493;2395;2672;1;167;141;90;1;50
494;2396;2673;1;167;141;90;1;50
495;2397;2674;1;167;141;90;1;50
496;2398;2675;1;167;141;90;1;50
497;2399;2676;1;167;141;90;1;50
498;2400;2677;1;167;141;90;1;50
499;2401;2678;1;167;141;90;1;50
500;2402;2679;1;167;141;90;1;50
501;2403;2680;1;167;141;90;1;50
502;2404;2681;1;167;141;90;1;50
503;2405;2682;1;167;141;90;1;50
504;2406;2683;1;167;141;90;1;50
505;2407;2684;1;167;141;90;1;50
506;2408;2685;1;167;141;90;1;50
507;2409;2686;1;167;141;90;1;50
508;2410;2687;1;167;141;90;1;50
509;2411;2688;1;167;141;90;1;50
510;2412;2689;1;167;141;90;1;50
511;2413;2690;1;167;141;90;1;50
512;2414;2691;1;167;141;90;1;50
513;2415;2692;1;167;141;90;1;50
514;2416;2693;1;167;141;90;1;50
515;2417;2694;1;167;141;90;1;50
516;2418;2695;1;167;141;90;1;50
517;2419;2696;1;167;141;90;1;50
518;2420;2697;1;167;141;90;1;50
519;2421;2698;1;167;141;90;1;50
520;2422;2699;1;167;141;90;1;50
521;2423;2700;1;167;141;90;1;50
522;2424;2701;1;167;141;90;1;50
523;2425;2702;1;167;141;90;1;50
524;2426;2703;1;167;141;90;1;50
525;2427;2704;1;167;141;90;1;50
526;2428;2705;1;167;141;90;1;50
527;2429;2706;1;167;141;90;1;50
528;2430;2707;1;167;141;90;1;50
529;2431;2708;1;167;141;90;1;50
530;2432;2709;1;167;141;90;1;50
531;2433;2710;1;167;141;90;1;50
532;2434;2711;1;167;141;90;1;50
533;2435;2712;1;167;141;90;1;50
534;2436;2713;1;167;141;90;1;50
535;2437;2714;1;167;141;90;1;50
536;2438;2715;1;167;141;90;1;50
537;2439;2716;1;167;141;90;1;50
538;2440;2717;1;167;141;90;1;50
539;2441;2718;1;167;141;90;1;50
540;2442;2719;1;167;141;90;1;50
541;2443;2720;1;167;141;90;1;50
542;2444;2721;1;167;141;90;1;50
543;2445;2722;1;167;141;90;1;50
544;2446;2723;1;167;141;90;1;50
545;2447;2724;1;167;141;90;1;50
546;2448;2725;1;167;141;90;1;50
547;2449;2726;1;167;141;90;1;50
548;2450;2727;1;167;141;90;1;50
549;2451;2728;1;167;141;90;1;50
550;2452;2729;1;167;141;90;1;50
551;2453;2730;1;167;141;90;1;50
552;2454;2731;1;167;141;90;1;50
553;2455;2732;1;167;141;90;1;50
554;2456;2733;1;167;141;90;1;50
555;2457;2734;1;167;141;90;1;50
556;2458;2735;1;167;141;90;1;50
557;2459;2736;1;167;141;90;1;50
558;2460;2737;1;167;141;90;1;50
559;2461;2738;1;167;141;90;1;50
560;2462;2739;1;167;141;90;1;50
561;2463;2740;1;167;141;90;1;50
562;2464;2741;1;167;141;90;1;50
563;2465;2742;1;167;141;90;1;50
564;2466;2743;1;167;141;90;1;50
565;2467;2744;1;167;141;90;1;50
566;2468;2745;1;167;141;90;1;50
567;2469;2746;1;167;141;90;1;50
568;2470;2747;1;167;141;90;1;50
569;2471;2748;1;167;141;90;1;50
570;2472;2749;1;167;141;90;1;50
571;2473;2750;1;167;141;90;1;50
572;2474;2751;1;167;141;90;1;50
573;2475;2752;1;167;141;90;1;50
574;2476;2753;1;167;141;90;1;50
575;2477;2754;1;167;141;90;1;50
576;2478;2755;1;167;141;90;1;50
577;2479;2756;1;167;141;90;1;50
578;2480;2757;1;167;141;90;1;50
579;2481;2758;1;167;141;90;1;50
580;2482;2759;1;167;141;90;1;50
581;2483;2760;1;167;141;90;1;50
582;2484;2761;1;167;141;90;1;50
680;2582;2859;1;167;141;90;1;50
681;2583;2860;1;167;141;90;1;50
682;2584;2861;1;167;141;90;1;50
683;2585;2862;1;167;141;90;1;50
684;2586;2863;1;167;141;90;1;50
685;2587;2864;1;167;141;90;1;50
686;2588;2865;1;167;141;90;1;50
687;2589;2866;1;167;141;90;1;50
688;2590;2867;1;167;141;90;1;50
689;2591;2868;1;167;141;90;1;50
690;2592;2869;1;167;141;90;1;50
691;2593;2870;1;167;141;90;1;50
692;2594;2871;1;167;141;90;1;50
693;2595;2872;1;167;141;90;1;50
694;2596;2873;1;167;141;90;1;50
695;2597;2874;1;167;141;90;1;50
696;2598;2875;1;167;141;90;1;50
697;2599;2876;1;167;141;90;1;50
698;2600;2877;1;167;141;90;1;50
699;2601;2878;1;167;141;90;1;50
700;2602;2879;1;167;141;90;1;50
701;2603;2880;1;167;141;90;1;50
702;2604;2881;1;167;141;90;1;50
703;2605;2882;1;167;141;90;1;50
704;2606;2883;1;167;141;90;1;50
705;2607;2884;1;167;141;90;1;50
706;2608;2885;1;167;141;90;1;50
707;2609;2886;1;167;141;90;1;50
708;2610;2887;1;167;141;90;1;50
709;2611;2888;1;167;141;90;1;50
710;2612;2889;1;167;141;90;1;50
711;2613;2890;1;167;141;90;1;50
712;2614;2891;1;167;141;90;1;50
713;2615;2892;1;167;141;90;1;50
714;2616;2893;1;167;141;90;1;50
715;2617;2894;1;167;141;90;1;50
716;2618;2895;1;167;141;90;1;50
717;2619;2896;1;167;141;90;1;50
718;2620;2897;1;167;141;90;1;50
719;2621;2898;1;167;141;90;1;50
720;2622;2899;1;167;141;90;1;50
721;2623;2900;1;167;141;90;1;50
722;2624;2901;1;167;141;90;1;50
723;2625;2902;1;167;141;90;1;50
724;2626;2903;1;167;141;90;1;50
725;2627;2904;1;167;141;90;1;50
726;2628;2905;1;167;141;90;1;50
727;2629;2906;1;167;141;90;1;50
728;2630;2907;1;167;141;90;1;50
729;2631;2908;1;167;141;90;1;50
730;2632;2909;1;167;141;90;1;50
731;2633;2910;1;167;141;90;1;50
732;2634;2911;1;167;141;90;1;50
733;2635;2912;1;167;141;90;1;50
734;2636;2913;1;167;141;90;1;50
735;2637;2914;1;167;141;90;1;50
736;2638;2915;1;167;141;90;1;50
737;2639;2916;1;167;141;90;1;50
738;2640;2917;1;167;141;90;1;50
739;2641;2918;1;167;141;90;1;50
740;2642;2919;1;167;141;90;1;50
741;2643;2920;1;167;141;90;1;50
742;2644;2921;1;167;141;90;1;50
743;2645;2922;1;167;141;90;1;50
744;2646;2923;1;167;141;90;1;50
745;2647;2924;1;167;141;90;1;50
746;2648;2925;1;167;141;90;1;50
747;2649;2926;1;167;141;90;1;50
748;2650;2927;1;167;141;90;1;50
749;2651;2928;1;167;141;90;1;50
750;2652;2929;1;167;141;90;1;50
751;2653;2930;1;167;141;90;1;50
752;2654;2931;1;167;141;90;1;50
753;2655;2932;1;167;141;90;1;50
754;2656;2933;1;167;141;90;1;50
755;2657;2934;1;167;141;90;1;50
756;2658;2935;1;167;141;90;1;50
757;2659;2936;1;167;141;90;1;50
758;2660;2937;1;167;141;90;1;50
759;2661;2938;1;167;141;90;1;50
760;2662;2939;1;167;141;90;1;50
761;2663;2940;1;167;141;90;1;50
762;2664;2941;1;167;141;90;1;50
763;2665;2942;1;167;141;90;1;50
764;2666;2943;1;167;141;90;1;50
765;2667;2944;1;167;141;90;1;50
766;2668;2945;1;167;141;90;1;50
767;2669;2946;1;167;141;90;1;50
768;2670;2947;1;167;141;90;1;50
769;2671;2948;1;167;141;90;1;50
770;2672;2949;1;167;141;90;1;50
771;2673;2950;1;167;141;90;1;50
772;2674;2951;1;167;141;90;1;50
773;2675;2952;1;167;141;90;1;50
774;2676;2953;1;167;141;90;1;50
775;2677;2954;1;167;141;90;1;50
776;2678;2955;1;167;141;90;1;50
777;2679;2956;1;167;141;90;1;50
778;2680;2957;1;167;141;90;1;50
779;2681;2958;1;167;141;90;1;50
780;2682;2959;1;167;141;90;1;50
781;2683;2960;1;167;141;90;1;50
782;2684;2961;1;167;141;90;1;50
783;2685;2962;1;167;141;90;1;50
784;2686;2963;1;167;141;90;1;50
785;2687;2964;1;167;141;90;1;50
786;2688;2965;1;167;141;90;1;50
787;2689;2966;1;167;141;90;1;50
788;2690;2967;1;167;141;90;1;50
789;2691;2968;1;167;141;90;1;50
790;2692;2969;1;167;141;90;1;50
791;2693;2970;1;167;141;90;1;50
792;2694;2971;1;167;141;90;1;50
793;2695;2972;1;167;141;90;1;50
794;2696;2973;1;167;141;90;1;50
795;2697;2974;1;167;141;90;1;50
796;2698;2975;1;167;141;90;1;50
797;2699;2976;1;167;141;90;1;50
798;2700;2977;1;167;141;90;1;50
799;2701;2978;1;167;141;90;1;50
800;2702;2979;1;167;141;90;1;50
801;2703;2980;1;167;141;90;1;50
802;2704;2981;1;167;141;90;1;50
803;2705;2982;1;167;141;90;1;50
804;2706;2983;1;167;141;90;1;50
805;2707;2984;1;167;141;90;1;50
806;2708;2985;1;167;141;90;1;50
807;2709;2986;1;167;141;90;1;50
808;2710;2987;1;167;141;90;1;50
809;2711;2988;1;167;141;90;1;50
810;2712;2989;1;167;141;90;1;50
811;2713;2990;1;167;141;90;1;50
812;2714;2991;1;167;141;90;1;50
813;2715;2992;1;167;141;90;1;50
814;2716;2993;1;167;141;90;1;50
815;2717;2994;1;167;141;90;1;50
816;2718;2995;1;167;141;90;1;50
817;2719;2996;1;167;141;90;1;50
818;2720;2997;1;167;141;90;1;50
819;2721;2998;1;167;141;90;1;50
820;2722;2999;1;167;141;90;1;50
821;2723;3000;1;167;141;90;1;50
822;2724;3001;1;167;141;90;1;50
823;2725;3002;1;167;141;90;1;50
824;2726;3003;1;167;141;90;1;50
825;2727;3004;1;167;141;90;1;50
826;2728;3005;1;167;141;90;1;50
827;2729;3006;1;167;141;90;1;50
828;2730;3007;1;167;141;90;1;50
829;2731;3008;1;167;141;90;1;50
830;2732;3009;1;167;141;90;1;50
831;2733;3010;1;167;141;90;1;50
832;2734;3011;1;167;141;90;1;50
833;2735;3012;1;167;141;90;1;50
834;2736;3013;1;167;141;90;1;50
835;2737;3014;1;167;141;90;1;50
836;2738;3015;1;167;141;90;1;50
837;2739;3016;1;167;141;90;1;50
838;2740;3017;1;167;141;90;1;50
839;2741;3018;1;167;141;90;1;50
840;2742;3019;1;167;141;90;1;50
841;2743;3020;1;167;141;90;1;50
842;2744;3021;1;167;141;90;1;50
843;2745;3022;1;167;141;90;1;50
844;2746;3023;1;167;141;90;1;50
845;2747;3024;1;167;141;90;1;50
846;2748;3025;1;167;141;90;1;50
847;2749;3026;1;167;141;90;1;50
848;2750;3027;1;167;141;90;1;50
849;2751;3028;1;167;141;90;1;50
850;2752;3029;1;167;141;90;1;50
851;2753;3030;1;167;141;90;1;50
852;2754;3031;1;167;141;90;1;50
853;2755;3032;1;167;141;90;1;50
854;2756;3033;1;167;141;90;1;50
855;2757;3034;1;167;141;90;1;50
856;2758;3035;1;167;141;90;1;50
857;2759;3036;1;167;141;90;1;50
858;2760;3037;1;167;141;90;1;50
859;2761;3038;1;167;141;90;1;50
860;2762;3039;1;167;141;90;1;50
861;2763;3040;1;167;141;90;1;50
862;2764;3041;1;167;141;90;1;50
863;2765;3042;1;167;141;90;1;50
864;2766;3043;1;167;141;90;1;50
865;2767;3044;1;167;141;90;1;50
866;2768;3045;1;167;141;90;1;50
867;2769;3046;1;167;141;90;1;50
868;2770;3047;1;167;141;90;1;50
869;2771;3048;1;167;141;90;1;50
870;2772;3049;1;167;141;90;1;50
871;2773;3050;1;167;141;90;1;50
872;2774;3051;1;167;141;90;1;50
873;2775;3052;1;167;141;90;1;50
874;2776;3053;1;167;141;90;1;50
875;2777;3054;1;167;141;90;1;50
876;2778;3055;1;167;141;90;1;50
877;2779;3056;1;167;141;90;1;50
878;2780;3057;1;167;141;90;1;50
879;2781;3058;1;167;141;90;1;50
880;2782;3059;1;167;141;90;1;50
881;2783;3060;1;167;141;90;1;50
882;2784;3061;1;167;141;90;1;50
883;2785;3062;1;167;141;90;1;50
884;2786;3063;1;167;141;90;1;50
885;2787;3064;1;167;141;90;1;50
886;2788;3065;1;167;141;90;1;50
887;2789;3066;1;167;141;90;1;50
888;2790;3067;1;167;141;90;1;50
889;2791;3068;1;167;141;90;1;50
890;2792;3069;1;167;141;90;1;50
891;2793;3070;1;167;141;90;1;50
892;2794;3071;1;167;141;90;1;50
893;2795;3072;1;167;141;90;1;50
894;2796;3073;1;167;141;90;1;50
895;2797;3074;1;167;141;90;1;50
896;2798;3075;1;167;141;90;1;50
897;2799;3076;1;167;141;90;1;50
898;2800;3077;1;167;141;90;1;50
899;2801;3078;1;167;141;90;1;50
900;2802;3079;1;167;141;90;1;50
901;2803;3080;1;167;141;90;1;50
902;2804;3081;1;167;141;90;1;50
903;2805;3082;1;167;141;90;1;50
904;2806;3083;1;167;141;90;1;50
905;2807;3084;1;167;141;90;1;50
906;2808;3085;1;167;141;90;1;50
907;2809;3086;1;167;141;90;1;50
908;2810;3087;1;167;141;90;1;50
909;2811;3088;1;167;141;90;1;50
910;2812;3089;1;167;141;90;1;50
911;2813;3090;1;167;141;90;1;50
912;2814;3091;1;167;141;90;1;50
913;2815;3092;1;167;141;90;1;50
914;2816;3093;1;167;141;90;1;50
915;2817;3094;1;167;141;90;1;50
916;2818;3095;1;167;141;90;1;50
917;2819;3096;1;167;141;90;1;50
918;2820;3097;1;167;141;90;1;50
919;2821;3098;1;167;141;90;1;50
920;2822;3099;1;167;141;90;1;50
921;2823;3100;1;167;141;90;1;50
922;2824;3101;1;167;141;90;1;50
923;2825;3102;1;167;141;90;1;50
924;2826;3103;1;167;141;90;1;50
925;2827;3104;1;167;141;90;1;50
926;2828;3105;1;167;141;90;1;50
927;2829;3106;1;167;141;90;1;50
928;2830;3107;1;167;141;90;1;50
929;2831;3108;1;167;141;90;1;50
930;2832;3109;1;167;141;90;1;50
931;2833;3110;1;167;141;90;1;50
932;2834;3111;1;167;141;90;1;50
933;2835;3112;1;167;141;90;1;50
934;2836;3113;1;167;141;90;1;50
935;2837;3114;1;167;141;90;1;50
936;2838;3115;1;167;141;90;1;50
937;2839;3116;1;167;141;90;1;50
938;2840;3117;1;167;141;90;1;50
939;2841;3118;1;167;141;90;1;50
940;2842;3119;1;167;141;90;1;50
941;2843;3120;1;167;141;90;1;50
942;2844;3121;1;167;141;90;1;50
943;2845;3122;1;167;141;90;1;50
944;2846;3123;1;167;141;90;1;50
945;2847;3124;1;167;141;90;1;50
946;2848;3125;1;167;141;90;1;50
947;2849;3126;1;167;141;90;1;50
948;2850;3127;1;167;141;90;1;50
949;2851;3128;1;167;141;90;1;50
950;2852;3129;1;167;141;90;1;50
951;2853;3130;1;167;141;90;1;50
952;2854;3131;1;167;141;90;1;50
953;2855;3132;1;167;141;90;1;50
954;2856;3133;1;167;141;90;1;50
955;2857;3134;1;167;141;90;1;50
956;2858;3135;1;167;141;90;1;50
957;2859;3136;1;167;141;90;1;50
958;2860;3137;1;167;141;90;1;50
959;2861;3138;1;167;141;90;1;50
960;2862;3139;1;167;141;90;1;50
961;2863;3140;1;167;141;90;1;50
962;2864;3141;1;167;141;90;1;50
963;2865;3142;1;167;141;90;1;50
964;2866;3143;1;167;141;90;1;50
965;2867;3144;1;167;141;90;1;50
966;2868;3145;1;167;141;90;1;50
967;2869;3146;1;167;141;90;1;50
968;2870;3147;1;167;141;90;1;50
969;2871;3148;1;167;141;90;1;50
970;2872;3149;1;167;141;90;1;50
971;2873;3150;1;167;141;90;1;50
972;2874;3151;1;167;141;90;1;50
973;2875;3152;1;167;141;90;1;50
974;2876;3153;1;167;141;90;1;50
975;2877;3154;1;167;141;90;1;50
976;2878;3155;1;167;141;90;1;50
977;2879;3156;1;167;141;90;1;50
978;2880;3157;1;167;141;90;1;50
979;2881;3158;1;167;141;90;1;50
980;2882;3159;1;167;141;90;1;50
981;2883;3160;1;167;141;90;1;50
982;2884;3161;1;167;141;90;1;50
983;2885;3162;1;167;141;90;1;50
984;2886;3163;1;167;141;90;1;50
985;2887;3164;1;167;141;90;1;50
986;2888;3165;1;167;141;90;1;50
987;2889;3166;1;167;141;90;1;50
988;2890;3167;1;167;141;90;1;50
989;2891;3168;1;167;141;90;1;50
990;2892;3169;1;167;141;90;1;50
991;2893;3170;1;167;141;90;1;50
992;2894;3171;1;167;141;90;1;50
993;2895;3172;1;167;141;90;1;50
994;2896;3173;1;167;141;90;1;50
995;2897;3174;1;167;141;90;1;50
996;2898;3175;1;167;141;90;1;50
997;2899;3176;1;167;141;90;1;50
998;2900;3177;1;167;141;90;1;50
999;2901;3178;1;167;141;90;1;50
1000;2902;3179;1;167;141;90;1;50
1001;2903;3180;1;167;141;90;1;50
1002;2904;3181;1;167;141;90;1;50
1003;2905;3182;1;167;141;90;1;50
1004;2906;3183;1;167;141;90;1;50
1005;2907;3184;1;167;141;90;1;50
1006;2908;3185;1;167;141;90;1;50
1007;2909;3186;1;167;141;90;1;50
1008;2910;3187;1;167;141;90;1;50
1009;2911;3188;1;167;141;90;1;50
1010;2912;3189;1;167;141;90;1;50
1011;2913;3190;1;167;141;90;1;50
1012;2914;3191;1;167;141;90;1;50
1013;2915;3192;1;167;141;90;1;50
1014;2916;3193;1;167;141;90;1;50
1015;2917;3194;1;167;141;90;1;50
1016;2918;3195;1;167;141;90;1;50
1017;2919;3196;1;167;141;90;1;50
1018;2920;3197;1;167;141;90;1;50
1019;2921;3198;1;167;141;90;1;50
1020;2922;3199;1;167;141;90;1;50
1021;2923;3200;1;167;141;90;1;50
1022;2924;3201;1;167;141;90;1;50
1023;2925;3202;1;167;141;90;1;50
1024;2926;3203;1;167;141;90;1;50
1025;2927;3204;1;167;141;90;1;50
1026;2928;3205;1;167;141;90;1;50
1027;2929;3206;1;167;141;90;1;50
1028;2930;3207;1;167;141;90;1;50
1029;2931;3208;1;167;141;90;1;50
1030;2932;3209;1;167;141;90;1;50
1031;2933;3210;1;167;141;90;1;50
1032;2934;3211;1;167;141;90;1;50
1033;2935;3212;1;167;141;90;1;50
1034;2936;3213;1;167;141;90;1;50
1035;2937;3214;1;167;141;90;1;50
1036;2938;3215;1;167;141;90;1;50
1037;2939;3216;1;167;141;90;1;50
1038;2940;3217;1;167;141;90;1;50
1039;2941;3218;1;167;141;90;1;50
1040;2942;3219;1;167;141;90;1;50
1041;2943;3220;1;167;141;90;1;50
1042;2944;3221;1;167;141;90;1;50
1043;2945;3222;1;167;141;90;1;50
1044;2946;3223;1;167;141;90;1;50
1045;2947;3224;1;167;141;90;1;50
1046;2948;3225;1;167;141;90;1;50
1047;2949;3226;1;167;141;90;1;50
1048;2950;3227;1;167;141;90;1;50
1049;2951;3228;1;167;141;90;1;50
1050;2952;3229;1;167;141;90;1;50
1051;2953;3230;1;167;141;90;1;50
1052;2954;3231;1;167;141;90;1;50
1053;2955;3232;1;167;141;90;1;50
1054;2956;3233;1;167;141;90;1;50
1055;2957;3234;1;167;141;90;1;50
1056;2958;3235;1;167;141;90;1;50
1057;2959;3236;1;167;141;90;1;50
1058;2960;3237;1;167;141;90;1;50
1059;2961;3238;1;167;141;90;1;50
1060;2962;3239;1;167;141;90;1;50
1061;2963;3240;1;167;141;90;1;50
1062;2964;3241;1;167;141;90;1;50
1063;2965;3242;1;167;141;90;1;50
1064;2966;3243;1;167;141;90;1;50
1065;2967;3244;1;167;141;90;1;50
1066;2968;3245;1;167;141;90;1;50
1067;2969;3246;1;167;141;90;1;50
1068;2970;3247;1;167;141;90;1;50
1069;2971;3248;1;167;141;90;1;50
1070;2972;3249;1;167;141;90;1;50
1071;2973;3250;1;167;141;90;1;50
1072;2974;3251;1;167;141;90;1;50
1073;2975;3252;1;167;141;90;1;50
1074;2976;3253;1;167;141;90;1;50
1075;2977;3254;1;167;141;90;1;50
1076;2978;3255;1;167;141;90;1;50
1077;2979;3256;1;167;141;90;1;50
1078;2980;3257;1;167;141;90;1;50
1079;2981;3258;1;167;141;90;1;50
1080;2982;3259;1;167;141;90;1;50
1081;2983;3260;1;167;141;90;1;50
1082;2984;3261;1;167;141;90;1;50
1083;2985;3262;1;167;141;90;1;50
1084;2986;3263;1;167;141;90;1;50
1085;2987;3264;1;167;141;90;1;50
1086;2988;3265;1;167;141;90;1;50
1087;2989;3266;1;167;141;90;1;50
1088;2990;3267;1;167;141;90;1;50
1089;2991;3268;1;167;141;90;1;50
1090;2992;3269;1;167;141;90;1;50
1091;2993;3270;1;167;141;90;1;50
1092;2994;3271;1;167;141;90;1;50
1093;2995;3272;1;167;141;90;1;50
1094;2996;3273;1;167;141;90;1;50
1095;2997;3274;1;167;141;90;1;50
1096;2998;3275;1;167;141;90;1;50
1097;2999;3276;1;167;141;90;1;50
1098;3000;3277;1;167;141;90;1;50
1099;3001;3278;1;167;141;90;1;50
1100;3002;3279;1;167;141;90;1;50
1101;3003;3280;1;167;141;90;1;50
1102;3004;3281;1;167;141;90;1;50
1103;3005;3282;1;167;141;90;1;50
1104;3006;3283;1;167;141;90;1;50
1105;3007;3284;1;167;141;90;1;50
1106;3008;3285;1;167;141;90;1;50
1107;3009;3286;1;167;141;90;1;50
1108;3010;3287;1;167;141;90;1;50
1109;3011;3288;1;167;141;90;1;50
1110;3012;3289;1;167;141;90;1;50
1111;3013;3290;1;167;141;90;1;50
1112;3014;3291;1;167;141;90;1;50
1113;3015;3292;1;167;141;90;1;50
1114;3016;3293;1;167;141;90;1;50
1115;3017;3294;1;167;141;90;1;50
1116;3018;3295;1;167;141;90;1;50
1117;3019;3296;1;167;141;90;1;50
1118;3020;3297;1;167;141;90;1;50
1119;3021;3298;1;167;141;90;1;50
1120;3022;3299;1;167;141;90;1;50
1121;3023;3300;1;167;141;90;1;50
1122;3024;3301;1;167;141;90;1;50
1123;3025;3302;1;167;141;90;1;50
1124;3026;3303;1;167;141;90;1;50
1125;3027;3304;1;167;141;90;1;50
1126;3028;3305;1;167;141;90;1;50
1127;3029;3306;1;167;141;90;1;50
1128;3030;3307;1;167;141;90;1;50
1129;3031;3308;1;167;141;90;1;50
1130;3032;3309;1;167;141;90;1;50
1131;3033;3310;1;167;141;90;1;50
1132;3034;3311;1;167;141;90;1;50
1133;3035;3312;1;167;141;90;1;50
1134;3036;3313;1;167;141;90;1;50
1135;3037;3314;1;167;141;90;1;50
1136;3038;3315;1;167;141;90;1;50
1137;3039;3316;1;167;141;90;1;50
1138;3040;3317;1;167;141;90;1;50
1139;3041;3318;1;167;141;90;1;50
1140;3042;3319;1;167;141;90;1;50
1141;3043;3320;1;167;141;90;1;50
1142;3044;3321;1;167;141;90;1;50
1143;3045;3322;1;167;141;90;1;50
1144;3046;3323;1;167;141;90;1;50
1145;3047;3324;1;167;141;90;1;50
1146;3048;3325;1;167;141;90;1;50
1147;3049;3326;1;167;141;90;1;50
1148;3050;3327;1;167;141;90;1;50
1149;3051;3328;1;167;141;90;1;50
1150;3052;3329;1;167;141;90;1;50
1151;3053;3330;1;167;141;90;1;50
1152;3054;3331;1;167;141;90;1;50
1153;3055;3332;1;167;141;90;1;50
1154;3056;3333;1;167;141;90;1;50
1155;3057;3334;1;167;141;90;1;50
1156;3058;3335;1;167;141;90;1;50
1157;3059;3336;1;167;141;90;1;50
1158;3060;3337;1;167;141;90;1;50
1159;3061;3338;1;167;141;90;1;50
1160;3062;3339;1;167;141;90;1;50
1161;3063;3340;1;167;141;90;1;50
1162;3064;3341;1;167;141;90;1;50
1163;3065;3342;1;167;141;90;1;50
1164;3066;3343;1;167;141;90;1;50
1165;3067;3344;1;167;141;90;1;50
1166;3068;3345;1;167;141;90;1;50
1167;3069;3346;1;167;141;90;1;50
1168;3070;3347;1;167;141;90;1;50
1169;3071;3348;1;167;141;90;1;50
1170;3072;3349;1;167;141;90;1;50
1171;3073;3350;1;167;141;90;1;50
1172;3074;3351;1;167;141;90;1;50
1173;3075;3352;1;167;141;90;1;50
1174;3076;3353;1;167;141;90;1;50
1175;3077;3354;1;167;141;90;1;50
1176;3078;3355;1;167;141;90;1;50
1177;3079;3356;1;167;141;90;1;50
1178;3080;3357;1;167;141;90;1;50
1179;3081;3358;1;167;141;90;1;50
1180;3082;3359;1;167;141;90;1;50
1181;3083;3360;1;167;141;90;1;50
1182;3084;3361;1;167;141;90;1;50
1183;3085;3362;1;167;141;90;1;50
1184;3086;3363;1;167;141;90;1;50
1185;3087;3364;1;167;141;90;1;50
1186;3088;3365;1;167;141;90;1;50
1187;3089;3366;1;167;141;90;1;50
1188;3090;3367;1;167;141;90;1;50
1189;3091;3368;1;167;141;90;1;50
1190;3092;3369;1;167;141;90;1;50
1191;3093;3370;1;167;141;90;1;50
1192;3094;3371;1;167;141;90;1;50
1193;3095;3372;1;167;141;90;1;50
1194;3096;3373;1;167;141;90;1;50
1195;3097;3374;1;167;141;90;1;50
1196;3098;3375;1;167;141;90;1;50
1197;3099;3376;1;167;141;90;1;50
1198;3100;3377;1;167;141;90;1;50
1199;3101;3378;1;167;141;90;1;50
1200;3102;3379;1;167;141;90;1;50
1201;3103;3380;1;167;141;90;1;50
1202;3104;3381;1;167;141;90;1;50
1203;3105;3382;1;167;141;90;1;50
1204;3106;3383;1;167;141;90;1;50
1205;3107;3384;1;167;141;90;1;50
1206;3108;3385;1;167;141;90;1;50
1207;3109;3386;1;167;141;90;1;50
1208;3110;3387;1;167;141;90;1;50
1209;3111;3388;1;167;141;90;1;50
1210;3112;3389;1;167;141;90;1;50
1211;3113;3390;1;167;141;90;1;50
1212;3114;3391;1;167;141;90;1;50
1213;3115;3392;1;167;141;90;1;50
1214;3116;3393;1;167;141;90;1;50
1215;3117;3394;1;167;141;90;1;50
1216;3118;3395;1;167;141;90;1;50
1217;3119;3396;1;167;141;90;1;50
1218;3120;3397;1;167;141;90;1;50
1219;3121;3398;1;167;141;90;1;50
1220;3122;3399;1;167;141;90;1;50
1221;3123;3400;1;167;141;90;1;50
1222;3124;3401;1;167;141;90;1;50
1223;3125;3402;1;167;141;90;1;50
1224;3126;3403;1;167;141;90;1;50
1225;3127;3404;1;167;141;90;1;50
1226;3128;3405;1;167;141;90;1;50
1227;3129;3406;1;167;141;90;1;50
1228;3130;3407;1;167;141;90;1;50
1229;3131;3408;1;167;141;90;1;50
1230;3132;3409;1;167;141;90;1;50
1231;3133;3410;1;167;141;90;1;50
1232;3134;3411;1;167;141;90;1;50
1233;3135;3412;1;167;141;90;1;50
1234;3136;3413;1;167;141;90;1;50
1235;3137;3414;1;167;141;90;1;50
1236;3138;3415;1;167;141;90;1;50
1237;3139;3416;1;167;141;90;1;50
1238;3140;3417;1;167;141;90;1;50
1239;3141;3418;1;167;141;90;1;50
1240;3142;3419;1;167;141;90;1;50
1241;3143;3420;1;167;141;90;1;50
1242;3144;3421;1;167;141;90;1;50
1243;3145;3422;1;167;141;90;1;50
1244;3146;3423;1;167;141;90;1;50
1245;3147;3424;1;167;141;90;1;50
1246;3148;3425;1;167;141;90;1;50
1247;3149;3426;1;167;141;90;1;50
1248;3150;3427;1;167;141;90;1;50
1249;3151;3428;1;167;141;90;1;50
1250;3152;3429;1;167;141;90;1;50
1251;3153;3430;1;167;141;90;1;50
1252;3154;3431;1;167;141;90;1;50
1253;3155;3432;1;167;141;90;1;50
1254;3156;3433;1;167;141;90;1;50
1255;3157;3434;1;167;141;90;1;50
1256;3158;3435;1;167;141;90;1;50
1257;3159;3436;1;167;141;90;1;50
1258;3160;3437;1;167;141;90;1;50
1259;3161;3438;1;167;141;90;1;50
1260;3162;3439;1;167;141;90;1;50
1261;3163;3440;1;167;141;90;1;50
1262;3164;3441;1;167;141;90;1;50
1263;3165;3442;1;167;141;90;1;50
1264;3166;3443;1;167;141;90;1;50
1265;3167;3444;1;167;141;90;1;50
1266;3168;3445;1;167;141;90;1;50
1267;3169;3446;1;167;141;90;1;50
1268;3170;3447;1;167;141;90;1;50
1269;3171;3448;1;167;141;90;1;50
1270;3172;3449;1;167;141;90;1;50
1271;3173;3450;1;167;141;90;1;50
1272;3174;3451;1;167;141;90;1;50
1273;3175;3452;1;167;141;90;1;50
1274;3176;3453;1;167;141;90;1;50
1275;3177;3454;1;167;141;90;1;50
1276;3178;3455;1;167;141;90;1;50
1277;3179;3456;1;167;141;90;1;50
1278;3180;3457;1;167;141;90;1;50
1279;3181;3458;1;167;141;90;1;50
1280;3182;3459;1;167;141;90;1;50
1281;3183;3460;1;167;141;90;1;50
1282;3184;3461;1;167;141;90;1;50
1283;3185;3462;1;167;141;90;1;50
1284;3186;3463;1;167;141;90;1;50
1285;3187;3464;1;167;141;90;1;50
1286;3188;3465;1;167;141;90;1;50
1287;3189;3466;1;167;141;90;1;50
1288;3190;3467;1;167;141;90;1;50
1289;3191;3468;1;167;141;90;1;50
1290;3192;3469;1;167;141;90;1;50
1291;3193;3470;1;167;141;90;1;50
1292;3194;3471;1;167;141;90;1;50
1293;3195;3472;1;167;141;90;1;50
1294;3196;3473;1;167;141;90;1;50
1295;3197;3474;1;167;141;90;1;50
1296;3198;3475;1;167;141;90;1;50
1297;3199;3476;1;167;141;90;1;50
1298;3200;3477;1;167;141;90;1;50
1299;3201;3478;1;167;141;90;1;50
1300;3202;3479;1;167;141;90;1;50
1301;3203;3480;1;167;141;90;1;50
1302;3204;3481;1;167;141;90;1;50
1303;3205;3482;1;167;141;90;1;50
1304;3206;3483;1;167;141;90;1;50
1305;3207;3484;1;167;141;90;1;50
1306;3208;3485;1;167;141;90;1;50
1307;3209;3486;1;167;141;90;1;50
1308;3210;3487;1;167;141;90;1;50
1309;3211;3488;1;167;141;90;1;50
1310;3212;3489;1;167;141;90;1;50
1311;3213;3490;1;167;141;90;1;50
1312;3214;3491;1;167;141;90;1;50
1313;3215;3492;1;167;141;90;1;50
1314;3216;3493;1;167;141;90;1;50
1315;3217;3494;1;167;141;90;1;50
1316;3218;3495;1;167;141;90;1;50
1317;3219;3496;1;167;141;90;1;50
1318;3220;3497;1;167;141;90;1;50
1319;3221;3498;1;167;141;90;1;50
1320;3222;3499;1;167;141;90;1;50
1321;3223;3500;1;167;141;90;1;50
1322;3224;3501;1;167;141;90;1;50
1323;3225;3502;1;167;141;90;1;50
1324;3226;3503;1;167;141;90;1;50
1325;3227;3504;1;167;141;90;1;50
1326;3228;3505;1;167;141;90;1;50
1327;3229;3506;1;167;141;90;1;50
1328;3230;3507;1;167;141;90;1;50
1329;3231;3508;1;167;141;90;1;50
1330;3232;3509;1;167;141;90;1;50
1331;3233;3510;1;167;141;90;1;50
1332;3234;3511;1;167;141;90;1;50
1333;3235;3512;1;167;141;90;1;50
1334;3236;3513;1;167;141;90;1;50
1335;3237;3514;1;167;141;90;1;50
1336;3238;3515;1;167;141;90;1;50
1337;3239;3516;1;167;141;90;1;50
1338;3240;3517;1;167;141;90;1;50
1339;3241;3518;1;167;141;90;1;50
1340;3242;3519;1;167;141;90;1;50
1341;3243;3520;1;167;141;90;1;50
1342;3244;3521;1;167;141;90;1;50
1343;3245;3522;1;167;141;90;1;50
1344;3246;3523;1;167;141;90;1;50
1345;3247;3524;1;167;141;90;1;50
1346;3248;3525;1;167;141;90;1;50
1347;3249;3526;1;167;141;90;1;50
1348;3250;3527;1;167;141;90;1;50
1349;3251;3528;1;167;141;90;1;50
1350;3252;3529;1;167;141;90;1;50
1351;3253;3530;1;167;141;90;1;50
1352;3254;3531;1;167;141;90;1;50
1353;3255;3532;1;167;141;90;1;50
1354;3256;3533;1;167;141;90;1;50
1355;3257;3534;1;167;141;90;1;50
1356;3258;3535;1;167;141;90;1;50
1357;3259;3536;1;167;141;90;1;50
1358;3260;3537;1;167;141;90;1;50
1359;3261;3538;1;167;141;90;1;50
1360;3262;3539;1;167;141;90;1;50
1361;3263;3540;1;167;141;90;1;50
1362;3264;3541;1;167;141;90;1;50
1363;3265;3542;1;167;141;90;1;50
1364;3266;3543;1;167;141;90;1;50
1365;3267;3544;1;167;141;90;1;50
1366;3268;3545;1;167;141;90;1;50
1367;3269;3546;1;167;141;90;1;50
1368;3270;3547;1;167;141;90;1;50
1369;3271;3548;1;167;141;90;1;50
1370;3272;3549;1;167;141;90;1;50
1371;3273;3550;1;167;141;90;1;50
1372;3274;3551;1;167;141;90;1;50
1373;3275;3552;1;167;141;90;1;50
1374;3276;3553;1;167;141;90;1;50
1375;3277;3554;1;167;141;90;1;50
1376;3278;3555;1;167;141;90;1;50
1377;3279;3556;1;167;141;90;1;50
1378;3280;3557;1;167;141;90;1;50
1379;3281;3558;1;167;141;90;1;50
1380;3282;3559;1;167;141;90;1;50
1381;3283;3560;1;167;141;90;1;50
1382;3284;3561;1;167;141;90;1;50
1383;3285;3562;1;167;141;90;1;50
1384;3286;3563;1;167;141;90;1;50
1385;3287;3564;1;167;141;90;1;50
1386;3288;3565;1;167;141;90;1;50
1387;3289;3566;1;167;141;90;1;50
1388;3290;3567;1;167;141;90;1;50
1389;3291;3568;1;167;141;90;1;50
1390;3292;3569;1;167;141;90;1;50
1391;3293;3570;1;167;141;90;1;50
1392;3294;3571;1;167;141;90;1;50
1393;3295;3572;1;167;141;90;1;50
1394;3296;3573;1;167;141;90;1;50
1395;3297;3574;1;167;141;90;1;50
1396;3298;3575;1;167;141;90;1;50
1397;3299;3576;1;167;141;90;1;50
1398;3300;3577;1;167;141;90;1;50
1399;3301;3578;1;167;141;90;1;50
1400;3302;3579;1;167;141;90;1;50
1401;3303;3580;1;167;141;90;1;50
1402;3304;3581;1;167;141;90;1;50
1403;3305;3582;1;167;141;90;1;50
1404;3306;3583;1;167;141;90;1;50
1405;3307;3584;1;167;141;90;1;50
1406;3308;3585;1;167;141;90;1;50
1407;3309;3586;1;167;141;90;1;50
1408;3310;3587;1;167;141;90;1;50
1409;3311;3588;1;167;141;90;1;50
1410;3312;3589;1;167;141;90;1;50
1411;3313;3590;1;167;141;90;1;50
1412;3314;3591;1;167;141;90;1;50
1413;3315;3592;1;167;141;90;1;50
1414;3316;3593;1;167;141;90;1;50
1415;3317;3594;1;167;141;90;1;50
1416;3318;3595;1;167;141;90;1;50
1417;3319;3596;1;167;141;90;1;50
1418;3320;3597;1;167;141;90;1;50
1419;3321;3598;1;167;141;90;1;50
1420;3322;3599;1;167;141;90;1;50
1421;3323;3600;1;167;141;90;1;50
1422;3324;3601;1;167;141;90;1;50
1423;3325;3602;1;167;141;90;1;50
1424;3326;3603;1;167;141;90;1;50
1425;3327;3604;1;167;141;90;1;50
1426;3328;3605;1;167;141;90;1;50
1427;3329;3606;1;167;141;90;1;50
1428;3330;3607;1;167;141;90;1;50
1429;3331;3608;1;167;141;90;1;50
1430;3332;3609;1;167;141;90;1;50
1431;3333;3610;1;167;141;90;1;50
1432;3334;3611;1;167;141;90;1;50
1433;3335;3612;1;167;141;90;1;50
1434;3336;3613;1;167;141;90;1;50
1435;3337;3614;1;167;141;90;1;50
1436;3338;3615;1;167;141;90;1;50
1437;3339;3616;1;167;141;90;1;50
1438;3340;3617;1;167;141;90;1;50
1439;3341;3618;1;167;141;90;1;50
1440;3342;3619;1;167;141;90;1;50
1441;3343;3620;1;167;141;90;1;50
1442;3344;3621;1;167;141;90;1;50
1443;3345;3622;1;167;141;90;1;50
1444;3346;3623;1;167;141;90;1;50
1445;3347;3624;1;167;141;90;1;50
1446;3348;3625;1;167;141;90;1;50
1447;3349;3626;1;167;141;90;1;50
1448;3350;3627;1;167;141;90;1;50
1449;3351;3628;1;167;141;90;1;50
1450;3352;3629;1;167;141;90;1;50
1451;3353;3630;1;167;141;90;1;50
1452;3354;3631;1;167;141;90;1;50
1453;3355;3632;1;167;141;90;1;50
1454;3356;3633;1;167;141;90;1;50
1455;3357;3634;1;167;141;90;1;50
1456;3358;3635;1;167;141;90;1;50
1457;3359;3636;1;167;141;90;1;50
1458;3360;3637;1;167;141;90;1;50
1459;3361;3638;1;167;141;90;1;50
1460;3362;3639;1;167;141;90;1;50
1461;3363;3640;1;167;141;90;1;50
1462;3364;3641;1;167;141;90;1;50
1463;3365;3642;1;167;141;90;1;50
1464;3366;3643;1;167;141;90;1;50
1465;3367;3644;1;167;141;90;1;50
1466;3368;3645;1;167;141;90;1;50
1467;3369;3646;1;167;141;90;1;50
1468;3370;3647;1;167;141;90;1;50
1469;3371;3648;1;167;141;90;1;50
1470;3372;3649;1;167;141;90;1;50
1471;3373;3650;1;167;141;90;1;50
1472;3374;3651;1;167;141;90;1;50
1473;3375;3652;1;167;141;90;1;50
1474;3376;3653;1;167;141;90;1;50
1475;3377;3654;1;167;141;90;1;50
1476;3378;3655;1;167;141;90;1;50
1477;3379;3656;1;167;141;90;1;50
1478;3380;3657;1;167;141;90;1;50
1479;3381;3658;1;167;141;90;1;50
1480;3382;3659;1;167;141;90;1;50
1481;3383;3660;1;167;141;90;1;50
1482;3384;3661;1;167;141;90;1;50
1483;3385;3662;1;167;141;90;1;50
1484;3386;3663;1;167;141;90;1;50
1485;3387;3664;1;167;141;90;1;50
1486;3388;3665;1;167;141;90;1;50
1487;3389;3666;1;167;141;90;1;50
1488;3390;3667;1;167;141;90;1;50
1489;3391;3668;1;167;141;90;1;50
1490;3392;3669;1;167;141;90;1;50
1491;3393;3670;1;167;141;90;1;50
1492;3394;3671;1;167;141;90;1;50
1493;3395;3672;1;167;141;90;1;50
1494;3396;3673;1;167;141;90;1;50
1495;3397;3674;1;167;141;90;1;50
1496;3398;3675;1;167;141;90;1;50
1497;3399;3676;1;167;141;90;1;50
1498;3400;3677;1;167;141;90;1;50
1499;3401;3678;1;167;141;90;1;50
1500;3402;3679;1;167;141;90;1;50
1501;3403;3680;1;167;141;90;1;50
1502;3404;3681;1;167;141;90;1;50
1503;3405;3682;1;167;141;90;1;50
1504;3406;3683;1;167;141;90;1;50
1505;3407;3684;1;167;141;90;1;50
1506;3408;3685;1;167;141;90;1;50
1507;3409;3686;1;167;141;90;1;50
1508;3410;3687;1;167;141;90;1;50
1509;3411;3688;1;167;141;90;1;50
1510;3412;3689;1;167;141;90;1;50
1511;3413;3690;1;167;141;90;1;50
1512;3414;3691;1;167;141;90;1;50
1513;3415;3692;1;167;141;90;1;50
1514;3416;3693;1;167;141;90;1;50
1515;3417;3694;1;167;141;90;1;50
1516;3418;3695;1;167;141;90;1;50
1517;3419;3696;1;167;141;90;1;50
1518;3420;3697;1;167;141;90;1;50
1519;3421;3698;1;167;141;90;1;50
1520;3422;3699;1;167;141;90;1;50
1521;3423;3700;1;167;141;90;1;50
1522;3424;3701;1;167;141;90;1;50
1523;3425;3702;1;167;141;90;1;50
1524;3426;3703;1;167;141;90;1;50
1525;3427;3704;1;167;141;90;1;50
1526;3428;3705;1;167;141;90;1;50
1527;3429;3706;1;167;141;90;1;50
1528;3430;3707;1;167;141;90;1;50
1529;3431;3708;1;167;141;90;1;50
1530;3432;3709;1;167;141;90;1;50
1531;3433;3710;1;167;141;90;1;50
1532;3434;3711;1;167;141;90;1;50
1533;3435;3712;1;167;141;90;1;50
1534;3436;3713;1;167;141;90;1;50
1535;3437;3714;1;167;141;90;1;50
1536;3438;3715;1;167;141;90;1;50
1537;3439;3716;1;167;141;90;1;50
1538;3440;3717;1;167;141;90;1;50
1539;3441;3718;1;167;141;90;1;50
1540;3442;3719;1;167;141;90;1;50
1541;3443;3720;1;167;141;90;1;50
1542;3444;3721;1;167;141;90;1;50
1543;3445;3722;1;167;141;90;1;50
1544;3446;3723;1;167;141;90;1;50
1545;3447;3724;1;167;141;90;1;50
1546;3448;3725;1;167;141;90;1;50
1547;3449;3726;1;167;141;90;1;50
1548;3450;3727;1;167;141;90;1;50
1549;3451;3728;1;167;141;90;1;50
1550;3452;3729;1;167;141;90;1;50
1551;3453;3730;1;167;141;90;1;50
1552;3454;3731;1;167;141;90;1;50
1553;3455;3732;1;167;141;90;1;50
1554;3456;3733;1;167;141;90;1;50
1555;3457;3734;1;167;141;90;1;50
1556;3458;3735;1;167;141;90;1;50
1557;3459;3736;1;167;141;90;1;50
1558;3460;3737;1;167;141;90;1;50
1559;3461;3738;1;167;141;90;1;50
1560;3462;3739;1;167;141;90;1;50
1561;3463;3740;1;167;141;90;1;50
1562;3464;3741;1;167;141;90;1;50
1563;3465;3742;1;167;141;90;1;50
1564;3466;3743;1;167;141;90;1;50
1565;3467;3744;1;167;141;90;1;50
1566;3468;3745;1;167;141;90;1;50
1567;3469;3746;1;167;141;90;1;50
1568;3470;3747;1;167;141;90;1;50
1569;3471;3748;1;167;141;90;1;50
1570;3472;3749;1;167;141;90;1;50
1571;3473;3750;1;167;141;90;1;50
1572;3474;3751;1;167;141;90;1;50
1573;3475;3752;1;167;141;90;1;50
1574;3476;3753;1;167;141;90;1;50
1575;3477;3754;1;167;141;90;1;50
1576;3478;3755;1;167;141;90;1;50
1577;3479;3756;1;167;141;90;1;50
1578;3480;3757;1;167;141;90;1;50
1579;3481;3758;1;167;141;90;1;50
1580;3482;3759;1;167;141;90;1;50
1581;3483;3760;1;167;141;90;1;50
1582;3484;3761;1;167;141;90;1;50
1583;3485;3762;1;167;141;90;1;50
1584;3486;3763;1;167;141;90;1;50
1585;3487;3764;1;167;141;90;1;50
1586;3488;3765;1;167;141;90;1;50
1587;3489;3766;1;167;141;90;1;50
1588;3490;3767;1;167;141;90;1;50
1589;3491;3768;1;167;141;90;1;50
1590;3492;3769;1;167;141;90;1;50
1591;3493;3770;1;167;141;90;1;50
1592;3494;3771;1;167;141;90;1;50
1593;3495;3772;1;167;141;90;1;50
1594;3496;3773;1;167;141;90;1;50
1595;3497;3774;1;167;141;90;1;50
1596;3498;3775;1;167;141;90;1;50
1597;3499;3776;1;167;141;90;1;50
1598;3500;3777;1;167;141;90;1;50
1599;3501;3778;1;167;141;90;1;50
1600;3502;3779;1;167;141;90;1;50
1601;3503;3780;1;167;141;90;1;50
1602;3504;3781;1;167;141;90;1;50
1603;3505;3782;1;167;141;90;1;50
1604;3506;3783;1;167;141;90;1;50
1605;3507;3784;1;167;141;90;1;50
1606;3508;3785;1;167;141;90;1;50
1607;3509;3786;1;167;141;90;1;50
1608;3510;3787;1;167;141;90;1;50
1609;3511;3788;1;167;141;90;1;50
1610;3512;3789;1;167;141;90;1;50
1611;3513;3790;1;167;141;90;1;50
1612;3514;3791;1;167;141;90;1;50
1613;3515;3792;1;167;141;90;1;50
1614;3516;3793;1;167;141;90;1;50
1615;3517;3794;1;167;141;90;1;50
1616;3518;3795;1;167;141;90;1;50
1617;3519;3796;1;167;141;90;1;50
1618;3520;3797;1;167;141;90;1;50
1619;3521;3798;1;167;141;90;1;50
1620;3522;3799;1;167;141;90;1;50
1621;3523;3800;1;167;141;90;1;50
1622;3524;3801;1;167;141;90;1;50
1623;3525;3802;1;167;141;90;1;50
1624;3526;3803;1;167;141;90;1;50
1625;3527;3804;1;167;141;90;1;50
1626;3528;3805;1;167;141;90;1;50
1627;3529;3806;1;167;141;90;1;50
1628;3530;3807;1;167;141;90;1;50
1629;3531;3808;1;167;141;90;1;50
1630;3532;3809;1;167;141;90;1;50
1631;3533;3810;1;167;141;90;1;50
1632;3534;3811;1;167;141;90;1;50
1633;3535;3812;1;167;141;90;1;50
1634;3536;3813;1;167;141;90;1;50
1635;3537;3814;1;167;141;90;1;50
1636;3538;3815;1;167;141;90;1;50
1637;3539;3816;1;167;141;90;1;50
1638;3540;3817;1;167;141;90;1;50
1639;3541;3818;1;167;141;90;1;50
1640;3542;3819;1;167;141;90;1;50
1641;3543;3820;1;167;141;90;1;50
1642;3544;3821;1;167;141;90;1;50
1643;3545;3822;1;167;141;90;1;50
1644;3546;3823;1;167;141;90;1;50
1645;3547;3824;1;167;141;90;1;50
1646;3548;3825;1;167;141;90;1;50
1647;3549;3826;1;167;141;90;1;50
1648;3550;3827;1;167;141;90;1;50
1649;3551;3828;1;167;141;90;1;50
1650;3552;3829;1;167;141;90;1;50
1651;3553;3830;1;167;141;90;1;50
1652;3554;3831;1;167;141;90;1;50
1653;3555;3832;1;167;141;90;1;50
1654;3556;3833;1;167;141;90;1;50
1655;3557;3834;1;167;141;90;1;50
1656;3558;3835;1;167;141;90;1;50
1657;3559;3836;1;167;141;90;1;50
1658;3560;3837;1;167;141;90;1;50
1659;3561;3838;1;167;141;90;1;50
1660;3562;3839;1;167;141;90;1;50
1661;3563;3840;1;167;141;90;1;50
1662;3564;3841;1;167;141;90;1;50
1663;3565;3842;1;167;141;90;1;50
1664;3566;3843;1;167;141;90;1;50
1665;3567;3844;1;167;141;90;1;50
1666;3568;3845;1;167;141;90;1;50
1667;3569;3846;1;167;141;90;1;50
1668;3570;3847;1;167;141;90;1;50
1669;3571;3848;1;167;141;90;1;50
1670;3572;3849;1;167;141;90;1;50
1671;3573;3850;1;167;141;90;1;50
1672;3574;3851;1;167;141;90;1;50
1673;3575;3852;1;167;141;90;1;50
1674;3576;3853;1;167;141;90;1;50
1675;3577;3854;1;167;141;90;1;50
1676;3578;3855;1;167;141;90;1;50
1677;3579;3856;1;167;141;90;1;50
1678;3580;3857;1;167;141;90;1;50
1679;3581;3858;1;167;141;90;1;50
1680;3582;3859;1;167;141;90;1;50
1681;3583;3860;1;167;141;90;1;50
1682;3584;3861;1;167;141;90;1;50
1683;3585;3862;1;167;141;90;1;50
1684;3586;3863;1;167;141;90;1;50
1685;3587;3864;1;167;141;90;1;50
1686;3588;3865;1;167;141;90;1;50
1687;3589;3866;1;167;141;90;1;50
1688;3590;3867;1;167;141;90;1;50
1689;3591;3868;1;167;141;90;1;50
1690;3592;3869;1;167;141;90;1;50
1691;3593;3870;1;167;141;90;1;50
1692;3594;3871;1;167;141;90;1;50
1693;3595;3872;1;167;141;90;1;50
1694;3596;3873;1;167;141;90;1;50
1695;3597;3874;1;167;141;90;1;50
1696;3598;3875;1;167;141;90;1;50
1697;3599;3876;1;167;141;90;1;50
1698;3600;3877;1;167;141;90;1;50
1699;3601;3878;1;167;141;90;1;50
1700;3602;3879;1;167;141;90;1;50
1701;3603;3880;1;167;141;90;1;50
1702;3604;3881;1;167;141;90;1;50
1703;3605;3882;1;167;141;90;1;50
1704;3606;3883;1;167;141;90;1;50
1705;3607;3884;1;167;141;90;1;50
1706;3608;3885;1;167;141;90;1;50
1707;3609;3886;1;167;141;90;1;50
1708;3610;3887;1;167;141;90;1;50
1709;3611;3888;1;167;141;90;1;50
1710;3612;3889;1;167;141;90;1;50
1711;3613;3890;1;167;141;90;1;50
1712;3614;3891;1;167;141;90;1;50
1713;3615;3892;1;167;141;90;1;50
1714;3616;3893;1;167;141;90;1;50
1715;3617;3894;1;167;141;90;1;50
1716;3618;3895;1;167;141;90;1;50
1717;3619;3896;1;167;141;90;1;50
1718;3620;3897;1;167;141;90;1;50
1719;3621;3898;1;167;141;90;1;50
1720;3622;3899;1;167;141;90;1;50
1721;3623;3900;1;167;141;90;1;50
1722;3624;3901;1;167;141;90;1;50
1723;3625;3902;1;167;141;90;1;50
1724;3626;3903;1;167;141;90;1;50
1725;3627;3904;1;167;141;90;1;50
1726;3628;3905;1;167;141;90;1;50
1727;3629;3906;1;167;141;90;1;50
1728;3630;3907;1;167;141;90;1;50
1729;3631;3908;1;167;141;90;1;50
1730;3632;3909;1;167;141;90;1;50
1731;3633;3910;1;167;141;90;1;50
1732;3634;3911;1;167;141;90;1;50
1733;3635;3912;1;167;141;90;1;50
1734;3636;3913;1;167;141;90;1;50
1735;3637;3914;1;167;141;90;1;50
1736;3638;3915;1;167;141;90;1;50
1737;3639;3916;1;167;141;90;1;50
1738;3640;3917;1;167;141;90;1;50
1739;3641;3918;1;167;141;90;1;50
1740;3642;3919;1;167;141;90;1;50
1741;3643;3920;1;167;141;90;1;50
1742;3644;3921;1;167;141;90;1;50
1743;3645;3922;1;167;141;90;1;50
1744;3646;3923;1;167;141;90;1;50
1745;3647;3924;1;167;141;90;1;50
1746;3648;3925;1;167;141;90;1;50
1747;3649;3926;1;167;141;90;1;50
1748;3650;3927;1;167;141;90;1;50
1749;3651;3928;1;167;141;90;1;50
1750;3652;3929;1;167;141;90;1;50
1751;3653;3930;1;167;141;90;1;50
1752;3654;3931;1;167;141;90;1;50
1753;3655;3932;1;167;141;90;1;50
1754;3656;3933;1;167;141;90;1;50
1755;3657;3934;1;167;141;90;1;50
1756;3658;3935;1;167;141;90;1;50
1757;3659;3936;1;167;141;90;1;50
1758;3660;3937;1;167;141;90;1;50
1759;3661;3938;1;167;141;90;1;50
1760;3662;3939;1;167;141;90;1;50
1761;3663;3940;1;167;141;90;1;50
1762;3664;3941;1;167;141;90;1;50
1763;3665;3942;1;167;141;90;1;50
1764;3666;3943;1;167;141;90;1;50
1765;3667;3944;1;167;141;90;1;50
1766;3668;3945;1;167;141;90;1;50
1767;3669;3946;1;167;141;90;1;50
1768;3670;3947;1;167;141;90;1;50
1769;3671;3948;1;167;141;90;1;50
1770;3672;3949;1;167;141;90;1;50
1771;3673;3950;1;167;141;90;1;50
1772;3674;3951;1;167;141;90;1;50
1773;3675;3952;1;167;141;90;1;50
1774;3676;3953;1;167;141;90;1;50
1775;3677;3954;1;167;141;90;1;50
1776;3678;3955;1;167;141;90;1;50
1777;3679;3956;1;167;141;90;1;50
1778;3680;3957;1;167;141;90;1;50
1779;3681;3958;1;167;141;90;1;50
1780;3682;3959;1;167;141;90;1;50
1781;3683;3960;1;167;141;90;1;50
1782;3684;3961;1;167;141;90;1;50
1783;3685;3962;1;167;141;90;1;50
1784;3686;3963;1;167;141;90;1;50
1785;3687;3964;1;167;141;90;1;50
1786;3688;3965;1;167;141;90;1;50
1787;3689;3966;1;167;141;90;1;50
1788;3690;3967;1;167;141;90;1;50
1789;3691;3968;1;167;141;90;1;50
1790;3692;3969;1;167;141;90;1;50
1791;3693;3970;1;167;141;90;1;50
1792;3694;3971;1;167;141;90;1;50
1793;3695;3972;1;167;141;90;1;50
1794;3696;3973;1;167;141;90;1;50
1795;3697;3974;1;167;141;90;1;50
1796;3698;3975;1;167;141;90;1;50
1797;3699;3976;1;167;141;90;1;50
1798;3700;3977;1;167;141;90;1;50
1799;3701;3978;1;167;141;90;1;50
1800;3702;3979;1;167;141;90;1;50
1801;3703;3980;1;167;141;90;1;50
1802;3704;3981;1;167;141;90;1;50
1803;3705;3982;1;167;141;90;1;50
1804;3706;3983;1;167;141;90;1;50
1805;3707;3984;1;167;141;90;1;50
1806;3708;3985;1;167;141;90;1;50
1807;3709;3986;1;167;141;90;1;50
1808;3710;3987;1;167;141;90;1;50
1809;3711;3988;1;167;141;90;1;50
1810;3712;3989;1;167;141;90;1;50
1811;3713;3990;1;167;141;90;1;50
1812;3714;3991;1;167;141;90;1;50
1813;3715;3992;1;167;141;90;1;50
1814;3716;3993;1;167;141;90;1;50
1815;3717;3994;1;167;141;90;1;50
1816;3718;3995;1;167;141;90;1;50
1817;3719;3996;1;167;141;90;1;50
1818;3720;3997;1;167;141;90;1;50
1819;3721;3998;1;167;141;90;1;50
1820;3722;3999;1;167;141;90;1;50
1821;3723;4000;1;167;141;90;1;50
1822;3724;4001;1;167;141;90;1;50
1823;3725;4002;1;167;141;90;1;50
1824;3726;4003;1;167;141;90;1;50
1825;3727;4004;1;167;141;90;1;50
1826;3728;4005;1;167;141;90;1;50
1827;3729;4006;1;167;141;90;1;50
1828;3730;4007;1;167;141;90;1;50
1829;3731;4008;1;167;141;90;1;50
1830;3732;4009;1;167;141;90;1;50
1831;3733;4010;1;167;141;90;1;50
1832;3734;4011;1;167;141;90;1;50
1833;3735;4012;1;167;141;90;1;50
1834;3736;4013;1;167;141;90;1;50
1835;3737;4014;1;167;141;90;1;50
1836;3738;4015;1;167;141;90;1;50
1837;3739;4016;1;167;141;90;1;50
1838;3740;4017;1;167;141;90;1;50
1839;3741;4018;1;167;141;90;1;50
1840;3742;4019;1;167;141;90;1;50
1841;3743;4020;1;167;141;90;1;50
1842;3744;4021;1;167;141;90;1;50
1843;3745;4022;1;167;141;90;1;50
1844;3746;4023;1;167;141;90;1;50
1845;3747;4024;1;167;141;90;1;50
1846;3748;4025;1;167;141;90;1;50
1847;3749;4026;1;167;141;90;1;50
1848;3750;4027;1;167;141;90;1;50
1849;3751;4028;1;167;141;90;1;50
1850;3752;4029;1;167;141;90;1;50
1851;3753;4030;1;167;141;90;1;50
1852;3754;4031;1;167;141;90;1;50
1853;3755;4032;1;167;141;90;1;50
1854;3756;4033;1;167;141;90;1;50
1855;3757;4034;1;167;141;90;1;50
1856;3758;4035;1;167;141;90;1;50
1857;3759;4036;1;167;141;90;1;50
1858;3760;4037;1;167;141;90;1;50
1859;3761;4038;1;167;141;90;1;50
1860;3762;4039;1;167;141;90;1;50
1861;3763;4040;1;167;141;90;1;50
1862;3764;4041;1;167;141;90;1;50
1863;3765;4042;1;167;141;90;1;50
1864;3766;4043;1;167;141;90;1;50
1865;3767;4044;1;167;141;90;1;50
1866;3768;4045;1;167;141;90;1;50
1867;3769;4046;1;167;141;90;1;50
1868;3770;4047;1;167;141;90;1;50
1869;3771;4048;1;167;141;90;1;50
1870;3772;4049;1;167;141;90;1;50
1871;3773;4050;1;167;141;90;1;50
1872;3774;4051;1;167;141;90;1;50
1873;3775;4052;1;167;141;90;1;50
1874;3776;4053;1;167;141;90;1;50
1875;3777;4054;1;167;141;90;1;50
1876;3778;4055;1;167;141;90;1;50
1877;3779;4056;1;167;141;90;1;50
1878;3780;4057;1;167;141;90;1;50
1879;3781;4058;1;167;141;90;1;50
1880;3782;4059;1;167;141;90;1;50
1881;3783;4060;1;167;141;90;1;50
1882;3784;4061;1;167;141;90;1;50
1883;3785;4062;1;167;141;90;1;50
1884;3786;4063;1;167;141;90;1;50
1885;3787;4064;1;167;141;90;1;50
1886;3788;4065;1;167;141;90;1;50
1887;3789;4066;1;167;141;90;1;50
1888;3790;4067;1;167;141;90;1;50
1889;3791;4068;1;167;141;90;1;50
1890;3792;4069;1;167;141;90;1;50
1891;3793;4070;1;167;141;90;1;50
1892;3794;4071;1;167;141;90;1;50
1893;3795;4072;1;167;141;90;1;50
1894;3796;4073;1;167;141;90;1;50
1895;3797;4074;1;167;141;90;1;50
1896;3798;4075;1;167;141;90;1;50
1897;3799;4076;1;167;141;90;1;50
1898;3800;4077;1;167;141;90;1;50
1899;3801;4078;1;167;141;90;1;50
1900;3802;4079;1;167;141;90;1;50
1901;3803;4080;1;167;141;90;1;50
1902;3804;4081;1;167;141;90;1;50
1903;3805;4082;1;167;141;90;1;50
1904;3806;4083;1;167;141;90;1;50
1905;3807;4084;1;167;141;90;1;50
1906;3808;4085;1;167;141;90;1;50
1907;3809;4086;1;167;141;90;1;50
1908;3810;4087;1;167;141;90;1;50
1909;3811;4088;1;167;141;90;1;50
1910;3812;4089;1;167;141;90;1;50
1911;3813;4090;1;167;141;90;1;50
1912;3814;4091;1;167;141;90;1;50
1913;3815;4092;1;167;141;90;1;50
1914;3816;4093;1;167;141;90;1;50
1915;3817;4094;1;167;141;90;1;50
1916;3818;4095;1;167;141;90;1;50
1917;3819;4096;1;167;141;90;1;50
1918;3820;4097;1;167;141;90;1;50
1919;3821;4098;1;167;141;90;1;50
1920;3822;4099;1;167;141;90;1;50
1921;3823;4100;1;167;141;90;1;50
1922;3824;4101;1;167;141;90;1;50
1923;3825;4102;1;167;141;90;1;50
1924;3826;4103;1;167;141;90;1;50
1925;3827;4104;1;167;141;90;1;50
1926;3828;4105;1;167;141;90;1;50
1927;3829;4106;1;167;141;90;1;50
1928;3830;4107;1;167;141;90;1;50
1929;3831;4108;1;167;141;90;1;50
1930;3832;4109;1;167;141;90;1;50
1931;3833;4110;1;167;141;90;1;50
1932;3834;4111;1;167;141;90;1;50
1933;3835;4112;1;167;141;90;1;50
1934;3836;4113;1;167;141;90;1;50
1935;3837;4114;1;167;141;90;1;50
1936;3838;4115;1;167;141;90;1;50
1937;3839;4116;1;167;141;90;1;50
1938;3840;4117;1;167;141;90;1;50
1939;3841;4118;1;167;141;90;1;50
1940;3842;4119;1;167;141;90;1;50
1941;3843;4120;1;167;141;90;1;50
1942;3844;4121;1;167;141;90;1;50
1943;3845;4122;1;167;141;90;1;50
1944;3846;4123;1;167;141;90;1;50
1945;3847;4124;1;167;141;90;1;50
1946;3848;4125;1;167;141;90;1;50
1947;3849;4126;1;167;141;90;1;50
1948;3850;4127;1;167;141;90;1;50
1949;3851;4128;1;167;141;90;1;50
1950;3852;4129;1;167;141;90;1;50
1951;3853;4130;1;167;141;90;1;50
1952;3854;4131;1;167;141;90;1;50
1953;3855;4132;1;167;141;90;1;50
1954;3856;4133;1;167;141;90;1;50
1955;3857;4134;1;167;141;90;1;50
1956;3858;4135;1;167;141;90;1;50
1957;3859;4136;1;167;141;90;1;50
1958;3860;4137;1;167;141;90;1;50
1959;3861;4138;1;167;141;90;1;50
1960;3862;4139;1;167;141;90;1;50
1961;3863;4140;1;167;141;90;1;50
1962;3864;4141;1;167;141;90;1;50
1963;3865;4142;1;167;141;90;1;50
1964;3866;4143;1;167;141;90;1;50
1965;3867;4144;1;167;141;90;1;50
1966;3868;4145;1;167;141;90;1;50
1967;3869;4146;1;167;141;90;1;50
1968;3870;4147;1;167;141;90;1;50
1969;3871;4148;1;167;141;90;1;50
1970;3872;4149;1;167;141;90;1;50
1971;3873;4150;1;167;141;90;1;50
1972;3874;4151;1;167;141;90;1;50
1973;3875;4152;1;167;141;90;1;50
1974;3876;4153;1;167;141;90;1;50
1975;3877;4154;1;167;141;90;1;50
1976;3878;4155;1;167;141;90;1;50
1977;3879;4156;1;167;141;90;1;50
1978;3880;4157;1;167;141;90;1;50
1979;3881;4158;1;167;141;90;1;50
1980;3882;4159;1;167;141;90;1;50
1981;3883;4160;1;167;141;90;1;50
1982;3884;4161;1;167;141;90;1;50
1983;3885;4162;1;167;141;90;1;50
1984;3886;4163;1;167;141;90;1;50
1985;3887;4164;1;167;141;90;1;50
1986;3888;4165;1;167;141;90;1;50
1987;3889;4166;1;167;141;90;1;50
1988;3890;4167;1;167;141;90;1;50
1989;3891;4168;1;167;141;90;1;50
1990;3892;4169;1;167;141;90;1;50
1991;3893;4170;1;167;141;90;1;50
1992;3894;4171;1;167;141;90;1;50
1993;3895;4172;1;167;141;90;1;50
1994;3896;4173;1;167;141;90;1;50
1995;3897;4174;1;167;141;90;1;50
1996;3898;4175;1;167;141;90;1;50
1997;3899;4176;1;167;141;90;1;50
1998;3900;4177;1;167;141;90;1;50
1999;3901;4178;1;167;141;90;1;50
2000;3902;4179;1;167;141;90;1;50
2001;3903;4180;1;167;141;90;1;50
2002;3904;4181;1;167;141;90;1;50
2003;3905;4182;1;167;141;90;1;50
2004;3906;4183;1;167;141;90;1;50
2005;3907;4184;1;167;141;90;1;50
2006;3908;4185;1;167;141;90;1;50
2007;3909;4186;1;167;141;90;1;50
2008;3910;4187;1;167;141;90;1;50
2009;3911;4188;1;167;141;90;1;50
2010;3912;4189;1;167;141;90;1;50
2011;3913;4190;1;167;141;90;1;50
2012;3914;4191;1;167;141;90;1;50
2013;3915;4192;1;167;141;90;1;50
2014;3916;4193;1;167;141;90;1;50
2015;3917;4194;1;167;141;90;1;50
2016;3918;4195;1;167;141;90;1;50
2017;3919;4196;1;167;141;90;1;50
2018;3920;4197;1;167;141;90;1;50
2019;3921;4198;1;167;141;90;1;50
2020;3922;4199;1;167;141;90;1;50
2021;3923;4200;1;167;141;90;1;50
2022;3924;4201;1;167;141;90;1;50
2023;3925;4202;1;167;141;90;1;50
2024;3926;4203;1;167;141;90;1;50
2025;3927;4204;1;167;141;90;1;50
2026;3928;4205;1;167;141;90;1;50
2027;3929;4206;1;167;141;90;1;50
2028;3930;4207;1;167;141;90;1;50
2029;3931;4208;1;167;141;90;1;50
2030;3932;4209;1;167;141;90;1;50
2031;3933;4210;1;167;141;90;1;50
2032;3934;4211;1;167;141;90;1;50
2033;3935;4212;1;167;141;90;1;50
2034;3936;4213;1;167;141;90;1;50
2035;3937;4214;1;167;141;90;1;50
2036;3938;4215;1;167;141;90;1;50
2037;3939;4216;1;167;141;90;1;50
2038;3940;4217;1;167;141;90;1;50
2039;3941;4218;1;167;141;90;1;50
2040;3942;4219;1;167;141;90;1;50
2041;3943;4220;1;167;141;90;1;50
2042;3944;4221;1;167;141;90;1;50
2043;3945;4222;1;167;141;90;1;50
2044;3946;4223;1;167;141;90;1;50
2045;3947;4224;1;167;141;90;1;50
2046;3948;4225;1;167;141;90;1;50
2047;3949;4226;1;167;141;90;1;50
2048;3950;4227;1;167;141;90;1;50
2049;3951;4228;1;167;141;90;1;50
2050;3952;4229;1;167;141;90;1;50
2051;3953;4230;1;167;141;90;1;50
2052;3954;4231;1;167;141;90;1;50
2053;3955;4232;1;167;141;90;1;50
2054;3956;4233;1;167;141;90;1;50
2055;3957;4234;1;167;141;90;1;50
2056;3958;4235;1;167;141;90;1;50
2057;3959;4236;1;167;141;90;1;50
2058;3960;4237;1;167;141;90;1;50
2059;3961;4238;1;167;141;90;1;50
2060;3962;4239;1;167;141;90;1;50
2061;3963;4240;1;167;141;90;1;50
2062;3964;4241;1;167;141;90;1;50
2063;3965;4242;1;167;141;90;1;50
2064;3966;4243;1;167;141;90;1;50
2065;3967;4244;1;167;141;90;1;50
2066;3968;4245;1;167;141;90;1;50
2067;3969;4246;1;167;141;90;1;50
2068;3970;4247;1;167;141;90;1;50
2069;3971;4248;1;167;141;90;1;50
2070;3972;4249;1;167;141;90;1;50
2071;3973;4250;1;167;141;90;1;50
2072;3974;4251;1;167;141;90;1;50
2073;3975;4252;1;167;141;90;1;50
2074;3976;4253;1;167;141;90;1;50
2075;3977;4254;1;167;141;90;1;50
2076;3978;4255;1;167;141;90;1;50
2077;3979;4256;1;167;141;90;1;50
2078;3980;4257;1;167;141;90;1;50
2079;3981;4258;1;167;141;90;1;50
2080;3982;4259;1;167;141;90;1;50
2081;3983;4260;1;167;141;90;1;50
2082;3984;4261;1;167;141;90;1;50
2083;3985;4262;1;167;141;90;1;50
2084;3986;4263;1;167;141;90;1;50
2085;3987;4264;1;167;141;90;1;50
2086;3988;4265;1;167;141;90;1;50
2087;3989;4266;1;167;141;90;1;50
2088;3990;4267;1;167;141;90;1;50
2089;3991;4268;1;167;141;90;1;50
2090;3992;4269;1;167;141;90;1;50
2091;3993;4270;1;167;141;90;1;50
2092;3994;4271;1;167;141;90;1;50
2093;3995;4272;1;167;141;90;1;50
2094;3996;4273;1;167;141;90;1;50
2095;3997;4274;1;167;141;90;1;50
2096;3998;4275;1;167;141;90;1;50
2097;3999;4276;1;167;141;90;1;50
2098;4000;4277;1;167;141;90;1;50
2099;4001;4278;1;167;141;90;1;50
2100;4002;4279;1;167;141;90;1;50
2101;4003;4280;1;167;141;90;1;50
2102;4004;4281;1;167;141;90;1;50
2103;4005;4282;1;167;141;90;1;50
2104;4006;4283;1;167;141;90;1;50
2105;4007;4284;1;167;141;90;1;50
2106;4008;4285;1;167;141;90;1;50
2107;4009;4286;1;167;141;90;1;50
2108;4010;4287;1;167;141;90;1;50
2109;4011;4288;1;167;141;90;1;50
2110;4012;4289;1;167;141;90;1;50
2111;4013;4290;1;167;141;90;1;50
2112;4014;4291;1;167;141;90;1;50
2113;4015;4292;1;167;141;90;1;50
2114;4016;4293;1;167;141;90;1;50
2115;4017;4294;1;167;141;90;1;50
2116;4018;4295;1;167;141;90;1;50
2117;4019;4296;1;167;141;90;1;50
2118;4020;4297;1;167;141;90;1;50
2119;4021;4298;1;167;141;90;1;50
2120;4022;4299;1;167;141;90;1;50
2121;4023;4300;1;167;141;90;1;50
2122;4024;4301;1;167;141;90;1;50
2123;4025;4302;1;167;141;90;1;50
2124;4026;4303;1;167;141;90;1;50
2125;4027;4304;1;167;141;90;1;50
2126;4028;4305;1;167;141;90;1;50
2127;4029;4306;1;167;141;90;1;50
2128;4030;4307;1;167;141;90;1;50
2129;4031;4308;1;167;141;90;1;50
2130;4032;4309;1;167;141;90;1;50
2131;4033;4310;1;167;141;90;1;50
2132;4034;4311;1;167;141;90;1;50
2133;4035;4312;1;167;141;90;1;50
2134;4036;4313;1;167;141;90;1;50
2135;4037;4314;1;167;141;90;1;50
2136;4038;4315;1;167;141;90;1;50
2137;4039;4316;1;167;141;90;1;50
2138;4040;4317;1;167;141;90;1;50
2139;4041;4318;1;167;141;90;1;50
2140;4042;4319;1;167;141;90;1;50
2141;4043;4320;1;167;141;90;1;50
2142;4044;4321;1;167;141;90;1;50
2143;4045;4322;1;167;141;90;1;50
2144;4046;4323;1;167;141;90;1;50
2145;4047;4324;1;167;141;90;1;50
2146;4048;4325;1;167;141;90;1;50
2147;4049;4326;1;167;141;90;1;50
2148;4050;4327;1;167;141;90;1;50
2149;4051;4328;1;167;141;90;1;50
2150;4052;4329;1;167;141;90;1;50
2151;4053;4330;1;167;141;90;1;50
2152;4054;4331;1;167;141;90;1;50
2153;4055;4332;1;167;141;90;1;50
2154;4056;4333;1;167;141;90;1;50
2155;4057;4334;1;167;141;90;1;50
2156;4058;4335;1;167;141;90;1;50
2157;4059;4336;1;167;141;90;1;50
2158;4060;4337;1;167;141;90;1;50
2159;4061;4338;1;167;141;90;1;50
2160;4062;4339;1;167;141;90;1;50
2161;4063;4340;1;167;141;90;1;50
2162;4064;4341;1;167;141;90;1;50
2163;4065;4342;1;167;141;90;1;50
2164;4066;4343;1;167;141;90;1;50
2165;4067;4344;1;167;141;90;1;50
2166;4068;4345;1;167;141;90;1;50
2167;4069;4346;1;167;141;90;1;50
2168;4070;4347;1;167;141;90;1;50
2169;4071;4348;1;167;141;90;1;50
2170;4072;4349;1;167;141;90;1;50
2171;4073;4350;1;167;141;90;1;50
2172;4074;4351;1;167;141;90;1;50
2173;4075;4352;1;167;141;90;1;50
2174;4076;4353;1;167;141;90;1;50
2175;4077;4354;1;167;141;90;1;50
2176;4078;4355;1;167;141;90;1;50
2177;4079;4356;1;167;141;90;1;50
2178;4080;4357;1;167;141;90;1;50
2179;4081;4358;1;167;141;90;1;50
2180;4082;4359;1;167;141;90;1;50
2181;4083;4360;1;167;141;90;1;50
2182;4084;4361;1;167;141;90;1;50
2183;4085;4362;1;167;141;90;1;50
2184;4086;4363;1;167;141;90;1;50
2185;4087;4364;1;167;141;90;1;50
2186;4088;4365;1;167;141;90;1;50
2187;4089;4366;1;167;141;90;1;50
2188;4090;4367;1;167;141;90;1;50
2189;4091;4368;1;167;141;90;1;50
2190;4092;4369;1;167;141;90;1;50
2191;4093;4370;1;167;141;90;1;50
2192;4094;4371;1;167;141;90;1;50
2193;4095;4372;1;167;141;90;1;50
2194;4096;4373;1;167;141;90;1;50
2195;4097;4374;1;167;141;90;1;50
2196;4098;4375;1;167;141;90;1;50
2197;4099;4376;1;167;141;90;1;50
2198;4100;4377;1;167;141;90;1;50
2199;4101;4378;1;167;141;90;1;50
2200;4102;4379;1;167;141;90;1;50
2201;4103;4380;1;167;141;90;1;50
2202;4104;4381;1;167;141;90;1;50
2203;4105;4382;1;167;141;90;1;50
2204;4106;4383;1;167;141;90;1;50
2205;4107;4384;1;167;141;90;1;50
2206;4108;4385;1;167;141;90;1;50
2207;4109;4386;1;167;141;90;1;50
2208;4110;4387;1;167;141;90;1;50
2209;4111;4388;1;167;141;90;1;50
2210;4112;4389;1;167;141;90;1;50
2211;4113;4390;1;167;141;90;1;50
2212;4114;4391;1;167;141;90;1;50
2213;4115;4392;1;167;141;90;1;50
2214;4116;4393;1;167;141;90;1;50
2215;4117;4394;1;167;141;90;1;50
2216;4118;4395;1;167;141;90;1;50
2217;4119;4396;1;167;141;90;1;50
2218;4120;4397;1;167;141;90;1;50
2219;4121;4398;1;167;141;90;1;50
2220;4122;4399;1;167;141;90;1;50
2221;4123;4400;1;167;141;90;1;50
2222;4124;4401;1;167;141;90;1;50
2223;4125;4402;1;167;141;90;1;50
2224;4126;4403;1;167;141;90;1;50
2225;4127;4404;1;167;141;90;1;50
2226;4128;4405;1;167;141;90;1;50
2227;4129;4406;1;167;141;90;1;50
2228;4130;4407;1;167;141;90;1;50
2229;4131;4408;1;167;141;90;1;50
2230;4132;4409;1;167;141;90;1;50
2231;4133;4410;1;167;141;90;1;50
2232;4134;4411;1;167;141;90;1;50
2233;4135;4412;1;167;141;90;1;50
2234;4136;4413;1;167;141;90;1;50
2235;4137;4414;1;167;141;90;1;50
2236;4138;4415;1;167;141;90;1;50
2237;4139;4416;1;167;141;90;1;50
2238;4140;4417;1;167;141;90;1;50
2239;4141;4418;1;167;141;90;1;50
2240;4142;4419;1;167;141;90;1;50
2241;4143;4420;1;167;141;90;1;50
2242;4144;4421;1;167;141;90;1;50
2243;4145;4422;1;167;141;90;1;50
2244;4146;4423;1;167;141;90;1;50
2245;4147;4424;1;167;141;90;1;50
2246;4148;4425;1;167;141;90;1;50
2247;4149;4426;1;167;141;90;1;50
2248;4150;4427;1;167;141;90;1;50
2249;4151;4428;1;167;141;90;1;50
2250;4152;4429;1;167;141;90;1;50
2251;4153;4430;1;167;141;90;1;50
2252;4154;4431;1;167;141;90;1;50
2253;4155;4432;1;167;141;90;1;50
2254;4156;4433;1;167;141;90;1;50
2255;4157;4434;1;167;141;90;1;50
2256;4158;4435;1;167;141;90;1;50
2257;4159;4436;1;167;141;90;1;50
2258;4160;4437;1;167;141;90;1;50
2259;4161;4438;1;167;141;90;1;50
2260;4162;4439;1;167;141;90;1;50
2261;4163;4440;1;167;141;90;1;50
2262;4164;4441;1;167;141;90;1;50
2263;4165;4442;1;167;141;90;1;50
2264;4166;4443;1;167;141;90;1;50
2265;4167;4444;1;167;141;90;1;50
2266;4168;4445;1;167;141;90;1;50
2267;4169;4446;1;167;141;90;1;50
2268;4170;4447;1;167;141;90;1;50
2269;4171;4448;1;167;141;90;1;50
2270;4172;4449;1;167;141;90;1;50
2271;4173;4450;1;167;141;90;1;50
2272;4174;4451;1;167;141;90;1;50
2273;4175;4452;1;167;141;90;1;50
2274;4176;4453;1;167;141;90;1;50
2275;4177;4454;1;167;141;90;1;50
2276;4178;4455;1;167;141;90;1;50
2277;4179;4456;1;167;141;90;1;50
2278;4180;4457;1;167;141;90;1;50
2279;4181;4458;1;167;141;90;1;50
2280;4182;4459;1;167;141;90;1;50
2281;4183;4460;1;167;141;90;1;50
2282;4184;4461;1;167;141;90;1;50
2283;4185;4462;1;167;141;90;1;50
2284;4186;4463;1;167;141;90;1;50
2285;4187;4464;1;167;141;90;1;50
2286;4188;4465;1;167;141;90;1;50
2287;4189;4466;1;167;141;90;1;50
2288;4190;4467;1;167;141;90;1;50
2289;4191;4468;1;167;141;90;1;50
2290;4192;4469;1;167;141;90;1;50
2291;4193;4470;1;167;141;90;1;50
2292;4194;4471;1;167;141;90;1;50
2293;4195;4472;1;167;141;90;1;50
2294;4196;4473;1;167;141;90;1;50
2295;4197;4474;1;167;141;90;1;50
2296;4198;4475;1;167;141;90;1;50
2297;4199;4476;1;167;141;90;1;50
2298;4200;4477;1;167;141;90;1;50
2299;4201;4478;1;167;141;90;1;50
2300;4202;4479;1;167;141;90;1;50
2301;4203;4480;1;167;141;90;1;50
2302;4204;4481;1;167;141;90;1;50
2303;4205;4482;1;167;141;90;1;50
2304;4206;4483;1;167;141;90;1;50
2305;4207;4484;1;167;141;90;1;50
2306;4208;4485;1;167;141;90;1;50
2307;4209;4486;1;167;141;90;1;50
2308;4210;4487;1;167;141;90;1;50
2309;4211;4488;1;167;141;90;1;50
2310;4212;4489;1;167;141;90;1;50
2311;4213;4490;1;167;141;90;1;50
2312;4214;4491;1;167;141;90;1;50
2313;4215;4492;1;167;141;90;1;50
2314;4216;4493;1;167;141;90;1;50
2315;4217;4494;1;167;141;90;1;50
2316;4218;4495;1;167;141;90;1;50
2317;4219;4496;1;167;141;90;1;50
2318;4220;4497;1;167;141;90;1;50
2319;4221;4498;1;167;141;90;1;50
2320;4222;4499;1;167;141;90;1;50
2321;4223;4500;1;167;141;90;1;50
2322;4224;4501;1;167;141;90;1;50
2323;4225;4502;1;167;141;90;1;50
2324;4226;4503;1;167;141;90;1;50
2325;4227;4504;1;167;141;90;1;50
2326;4228;4505;1;167;141;90;1;50
2327;4229;4506;1;167;141;90;1;50
2328;4230;4507;1;167;141;90;1;50
2329;4231;4508;1;167;141;90;1;50
2330;4232;4509;1;167;141;90;1;50
2331;4233;4510;1;167;141;90;1;50
2332;4234;4511;1;167;141;90;1;50
2333;4235;4512;1;167;141;90;1;50
2334;4236;4513;1;167;141;90;1;50
2335;4237;4514;1;167;141;90;1;50
2336;4238;4515;1;167;141;90;1;50
2337;4239;4516;1;167;141;90;1;50
2338;4240;4517;1;167;141;90;1;50
2339;4241;4518;1;167;141;90;1;50
2340;4242;4519;1;167;141;90;1;50
2341;4243;4520;1;167;141;90;1;50
2342;4244;4521;1;167;141;90;1;50
2343;4245;4522;1;167;141;90;1;50
2344;4246;4523;1;167;141;90;1;50
2345;4247;4524;1;167;141;90;1;50
2346;4248;4525;1;167;141;90;1;50
2347;4249;4526;1;167;141;90;1;50
2348;4250;4527;1;167;141;90;1;50
2349;4251;4528;1;167;141;90;1;50
2350;4252;4529;1;167;141;90;1;50
2351;4253;4530;1;167;141;90;1;50
2352;4254;4531;1;167;141;90;1;50
2353;4255;4532;1;167;141;90;1;50
2354;4256;4533;1;167;141;90;1;50
2355;4257;4534;1;167;141;90;1;50
2356;4258;4535;1;167;141;90;1;50
2357;4259;4536;1;167;141;90;1;50
2358;4260;4537;1;167;141;90;1;50
2359;4261;4538;1;167;141;90;1;50
2360;4262;4539;1;167;141;90;1;50
2361;4263;4540;1;167;141;90;1;50
2362;4264;4541;1;167;141;90;1;50
2363;4265;4542;1;167;141;90;1;50
2364;4266;4543;1;167;141;90;1;50
2365;4267;4544;1;167;141;90;1;50
2366;4268;4545;1;167;141;90;1;50
2367;4269;4546;1;167;141;90;1;50
2368;4270;4547;1;167;141;90;1;50
2369;4271;4548;1;167;141;90;1;50
2370;4272;4549;1;167;141;90;1;50
2371;4273;4550;1;167;141;90;1;50
2372;4274;4551;1;167;141;90;1;50
2373;4275;4552;1;167;141;90;1;50
2374;4276;4553;1;167;141;90;1;50
2375;4277;4554;1;167;141;90;1;50
2376;4278;4555;1;167;141;90;1;50
2377;4279;4556;1;167;141;90;1;50
2378;4280;4557;1;167;141;90;1;50
2379;4281;4558;1;167;141;90;1;50
2380;4282;4559;1;167;141;90;1;50
2381;4283;4560;1;167;141;90;1;50
2382;4284;4561;1;167;141;90;1;50
2383;4285;4562;1;167;141;90;1;50
2384;4286;4563;1;167;141;90;1;50
2385;4287;4564;1;167;141;90;1;50
2386;4288;4565;1;167;141;90;1;50
2387;4289;4566;1;167;141;90;1;50
2388;4290;4567;1;167;141;90;1;50
2389;4291;4568;1;167;141;90;1;50
2390;4292;4569;1;167;141;90;1;50
2391;4293;4570;1;167;141;90;1;50
2392;4294;4571;1;167;141;90;1;50
2393;4295;4572;1;167;141;90;1;50
2394;4296;4573;1;167;141;90;1;50
2395;4297;4574;1;167;141;90;1;50
2396;4298;4575;1;167;141;90;1;50
2397;4299;4576;1;167;141;90;1;50
2398;4300;4577;1;167;141;90;1;50
2399;4301;4578;1;167;141;90;1;50
2400;4302;4579;1;167;141;90;1;50
2401;4303;4580;1;167;141;90;1;50
2402;4304;4581;1;167;141;90;1;50
2403;4305;4582;1;167;141;90;1;50
2404;4306;4583;1;167;141;90;1;50
2405;4307;4584;1;167;141;90;1;50
2406;4308;4585;1;167;141;90;1;50
2407;4309;4586;1;167;141;90;1;50
2408;4310;4587;1;167;141;90;1;50
2409;4311;4588;1;167;141;90;1;50
2410;4312;4589;1;167;141;90;1;50
2411;4313;4590;1;167;141;90;1;50
2412;4314;4591;1;167;141;90;1;50
2413;4315;4592;1;167;141;90;1;50
2414;4316;4593;1;167;141;90;1;50
2415;4317;4594;1;167;141;90;1;50
2416;4318;4595;1;167;141;90;1;50
2417;4319;4596;1;167;141;90;1;50
2418;4320;4597;1;167;141;90;1;50
2419;4321;4598;1;167;141;90;1;50
2420;4322;4599;1;167;141;90;1;50
2421;4323;4600;1;167;141;90;1;50
2422;4324;4601;1;167;141;90;1;50
2423;4325;4602;1;167;141;90;1;50
2424;4326;4603;1;167;141;90;1;50
2425;4327;4604;1;167;141;90;1;50
2426;4328;4605;1;167;141;90;1;50
2427;4329;4606;1;167;141;90;1;50
2428;4330;4607;1;167;141;90;1;50
2429;4331;4608;1;167;141;90;1;50
2430;4332;4609;1;167;141;90;1;50
2431;4333;4610;1;167;141;90;1;50
2432;4334;4611;1;167;141;90;1;50
2433;4335;4612;1;167;141;90;1;50
2434;4336;4613;1;167;141;90;1;50
2435;4337;4614;1;167;141;90;1;50
2436;4338;4615;1;167;141;90;1;50
2437;4339;4616;1;167;141;90;1;50
2438;4340;4617;1;167;141;90;1;50
2439;4341;4618;1;167;141;90;1;50
2440;4342;4619;1;167;141;90;1;50
2441;4343;4620;1;167;141;90;1;50
2442;4344;4621;1;167;141;90;1;50
2443;4345;4622;1;167;141;90;1;50
2444;4346;4623;1;167;141;90;1;50
2445;4347;4624;1;167;141;90;1;50
2446;4348;4625;1;167;141;90;1;50
2447;4349;4626;1;167;141;90;1;50
2448;4350;4627;1;167;141;90;1;50
2449;4351;4628;1;167;141;90;1;50
2450;4352;4629;1;167;141;90;1;50
2451;4353;4630;1;167;141;90;1;50
2452;4354;4631;1;167;141;90;1;50
2453;4355;4632;1;167;141;90;1;50
2454;4356;4633;1;167;141;90;1;50
2455;4357;4634;1;167;141;90;1;50
2456;4358;4635;1;167;141;90;1;50
2457;4359;4636;1;167;141;90;1;50
2458;4360;4637;1;167;141;90;1;50
2459;4361;4638;1;167;141;90;1;50
2460;4362;4639;1;167;141;90;1;50
2461;4363;4640;1;167;141;90;1;50
2462;4364;4641;1;167;141;90;1;50
2463;4365;4642;1;167;141;90;1;50
2464;4366;4643;1;167;141;90;1;50
2465;4367;4644;1;167;141;90;1;50
2466;4368;4645;1;167;141;90;1;50
2467;4369;4646;1;167;141;90;1;50
2468;4370;4647;1;167;141;90;1;50
2469;4371;4648;1;167;141;90;1;50
2470;4372;4649;1;167;141;90;1;50
2471;4373;4650;1;167;141;90;1;50
2472;4374;4651;1;167;141;90;1;50
2473;4375;4652;1;167;141;90;1;50
2474;4376;4653;1;167;141;90;1;50
2475;4377;4654;1;167;141;90;1;50
2476;4378;4655;1;167;141;90;1;50
2477;4379;4656;1;167;141;90;1;50
2478;4380;4657;1;167;141;90;1;50
2479;4381;4658;1;167;141;90;1;50
2480;4382;4659;1;167;141;90;1;50
2481;4383;4660;1;167;141;90;1;50
2482;4384;4661;1;167;141;90;1;50
2483;4385;4662;1;167;141;90;1;50
2484;4386;4663;1;167;141;90;1;50
2485;4387;4664;1;167;141;90;1;50
2486;4388;4665;1;167;141;90;1;50
2487;4389;4666;1;167;141;90;1;50
2488;4390;4667;1;167;141;90;1;50
2489;4391;4668;1;167;141;90;1;50
2490;4392;4669;1;167;141;90;1;50
2491;4393;4670;1;167;141;90;1;50
2492;4394;4671;1;167;141;90;1;50
2493;4395;4672;1;167;141;90;1;50
2494;4396;4673;1;167;141;90;1;50
2495;4397;4674;1;167;141;90;1;50
2496;4398;4675;1;167;141;90;1;50
2497;4399;4676;1;167;141;90;1;50
2498;4400;4677;1;167;141;90;1;50
2499;4401;4678;1;167;141;90;1;50
2500;4402;4679;1;167;141;90;1;50
2501;4403;4680;1;167;141;90;1;50
2502;4404;4681;1;167;141;90;1;50
2503;4405;4682;1;167;141;90;1;50
2504;4406;4683;1;167;141;90;1;50
2505;4407;4684;1;167;141;90;1;50
